node.exe : open supabase\.temp\profile: The system cannot find the file specified.
No linha:1 caractere:1
+ & "C:\Program Files\nodejs/node.exe" "C:\Program Files\nodejs/node_mo ...
+ ~~~~~~~~~~~~~~~~~~~~~~~~~~~~~~~~~~~~~~~~~~~~~~~~~~~~~~~~~~~~~~~~~~~~~
    + CategoryInfo          : NotSpecified: (open supabase\....file specified.:String)  
   [], RemoteException
    + FullyQualifiedErrorId : NativeCommandError
 
Supabase CLI 2.76.15
Using profile: supabase (supabase.co)
Loading project ref from file: supabase\.temp\project-ref
 api Skipped - Image is already present locally 
 auth Skipped - Image is already present locally 
 imgProxy Skipped - Image is already present locally 
 pgmeta Skipped - Image is already present locally 
 mailpit Skipped - Image is already present locally 
 storage Skipped - Image is already present locally 
 realtime Skipped - Image is already present locally 
 edgeRuntime Skipped - Image is already present locally 
 studio Skipped - Image is already present locally 
 analytics Skipped - Image is already present locally 
 vector Skipped - Image is already present locally 
 db Skipped - Image is already present locally 
 gateway Skipped - Image is already present locally 
Starting database...
2026/03/01 18:19:24 PG Send: {"Type":"StartupMessage","ProtocolVersion":196608,"Paramete
rs":{"database":"postgres","user":"postgres"}}
2026/03/01 18:19:24 PG Recv: 
{"Type":"AuthenticationSASL","AuthMechanisms":["SCRAM-SHA-256"]}
2026/03/01 18:19:24 PG Send: {"Type":"SASLInitialResponse","AuthMechanism":"SCRAM-SHA-25
6","Data":"n,,n=,r=T+QoePajhg9DL3FksDdQyScV"}
2026/03/01 18:19:24 PG Recv: {"Type":"AuthenticationSASLContinue","Data":"r=T+QoePajhg9D
L3FksDdQyScV6okNRvemtcj3prsHEOCl8QvB,s=gDUrniHbWnzS91WpH7H+/Q==,i=4096"}
2026/03/01 18:19:24 PG Send: {"Type":"SASLResponse","Data":"c=biws,r=T+QoePajhg9DL3FksDd
QyScV6okNRvemtcj3prsHEOCl8QvB,p=qP0Wt75S97GnCPouheVWXD9xFfUCE3H4kJcHKBFAN/c="}
2026/03/01 18:19:24 PG Recv: {"Type":"AuthenticationSASLFinal","Data":"v=eN+A5u/1iZNs0Cd
EioJOWc6pb4gnXt+c6nSOb1s5awM="}
2026/03/01 18:19:24 PG Recv: {"Type":"AuthenticationOK"}
2026/03/01 18:19:24 PG Recv: 
{"Type":"ParameterStatus","Name":"in_hot_standby","Value":"off"}
2026/03/01 18:19:24 PG Recv: 
{"Type":"ParameterStatus","Name":"integer_datetimes","Value":"on"}
2026/03/01 18:19:24 PG Recv: {"Type":"ParameterStatus","Name":"TimeZone","Value":"UTC"}
2026/03/01 18:19:24 PG Recv: 
{"Type":"ParameterStatus","Name":"IntervalStyle","Value":"postgres"}
2026/03/01 18:19:24 PG Recv: 
{"Type":"ParameterStatus","Name":"is_superuser","Value":"off"}
2026/03/01 18:19:24 PG Recv: 
{"Type":"ParameterStatus","Name":"application_name","Value":""}
2026/03/01 18:19:24 PG Recv: 
{"Type":"ParameterStatus","Name":"default_transaction_read_only","Value":"off"}
2026/03/01 18:19:24 PG Recv: 
{"Type":"ParameterStatus","Name":"scram_iterations","Value":"4096"}
2026/03/01 18:19:24 PG Recv: {"Type":"ParameterStatus","Name":"DateStyle","Value":"ISO, 
MDY"}
2026/03/01 18:19:24 PG Recv: 
{"Type":"ParameterStatus","Name":"standard_conforming_strings","Value":"on"}
2026/03/01 18:19:24 PG Recv: 
{"Type":"ParameterStatus","Name":"session_authorization","Value":"postgres"}
2026/03/01 18:19:24 PG Recv: 
{"Type":"ParameterStatus","Name":"client_encoding","Value":"UTF8"}
2026/03/01 18:19:24 PG Recv: 
{"Type":"ParameterStatus","Name":"server_version","Value":"17.6"}
2026/03/01 18:19:24 PG Recv: 
{"Type":"ParameterStatus","Name":"server_encoding","Value":"UTF8"}
2026/03/01 18:19:24 PG Recv: 
{"Type":"BackendKeyData","ProcessID":207,"SecretKey":1204766767}
2026/03/01 18:19:24 PG Recv: {"Type":"ReadyForQuery","TxStatus":"I"}
Initialising schema...
+ ulimit -n
+ '[' '!' -z '' ']'
+ export ERL_CRASH_DUMP=/tmp/erl_crash.dump
+ ERL_CRASH_DUMP=/tmp/erl_crash.dump
+ '[' false = true ']'
+ [[ -n '' ]]
+ echo 'Running migrations'
+ sudo -E -u nobody /app/bin/migrate
+ '[' true = true ']'
+ echo 'Seeding selfhosted Realtime'
+ sudo -E -u nobody /app/bin/realtime eval 'Realtime.Release.seeds(Realtime.Repo)'
[os_mon] memory supervisor port (memsup): Erlang has closed
[os_mon] cpu supervisor port (cpu_sup): Erlang has closed
+ echo 'Starting Realtime'
+ ulimit -n
+ exec /app/bin/realtime eval '{:ok, _} = Application.ensure_all_started(:realtime)
{:ok, _} = Realtime.Tenants.health_check("realtime-dev")'
[os_mon] cpu supervisor port (cpu_sup): Erlang has closed
[os_mon] memory supervisor port (memsup): Erlang has closed
(node:1) [DEP0040] DeprecationWarning: The `punycode` module is deprecated. Please use 
a userland alternative instead.
(Use `node --trace-deprecation ...` to show where the warning was created)
Seeding globals from roles.sql...
Skipping migration EXECUTE_THIS_add_model_eans.sql... (file name must match pattern 
"<timestamp>_name.sql")
Skipping migration add_images_column.sql... (file name must match pattern 
"<timestamp>_name.sql")
Skipping migration add_pix_beneficiary.sql... (file name must match pattern 
"<timestamp>_name.sql")
Skipping migration add_receita_federal_fields.sql... (file name must match pattern 
"<timestamp>_name.sql")
Skipping migration check_migration_status.sql... (file name must match pattern 
"<timestamp>_name.sql")
Skipping migration cleanup_model_color_images.sql... (file name must match pattern 
"<timestamp>_name.sql")
Skipping migration complete_model_color_images.sql... (file name must match pattern 
"<timestamp>_name.sql")
Skipping migration diagnose_model_color_images.sql... (file name must match pattern 
"<timestamp>_name.sql")
Skipping migration fix_all_payment_fees.sql... (file name must match pattern 
"<timestamp>_name.sql")
Skipping migration fix_model_color_images_table.sql... (file name must match pattern 
"<timestamp>_name.sql")
Skipping migration fix_payment_fees_12x.sql... (file name must match pattern 
"<timestamp>_name.sql")
2026/03/01 18:19:30 PG Send: {"Type":"Parse","Name":"","Query":"SET lock_timeout = 
'4s'","ParameterOIDs":null}
2026/03/01 18:19:30 PG Send: {"Type":"Bind","DestinationPortal":"","PreparedStatement":"
","ParameterFormatCodes":null,"Parameters":[],"ResultFormatCodes":[]}
2026/03/01 18:19:30 PG Send: {"Type":"Describe","ObjectType":"P","Name":""}
2026/03/01 18:19:30 PG Send: {"Type":"Execute","Portal":"","MaxRows":0}
2026/03/01 18:19:30 PG Send: {"Type":"Parse","Name":"","Query":"CREATE SCHEMA IF NOT 
EXISTS supabase_migrations","ParameterOIDs":null}
2026/03/01 18:19:30 PG Send: {"Type":"Bind","DestinationPortal":"","PreparedStatement":"
","ParameterFormatCodes":null,"Parameters":[],"ResultFormatCodes":[]}
2026/03/01 18:19:30 PG Send: {"Type":"Describe","ObjectType":"P","Name":""}
2026/03/01 18:19:30 PG Send: {"Type":"Execute","Portal":"","MaxRows":0}
2026/03/01 18:19:30 PG Send: {"Type":"Parse","Name":"","Query":"CREATE TABLE IF NOT 
EXISTS supabase_migrations.schema_migrations (version text NOT NULL PRIMARY 
KEY)","ParameterOIDs":null}
2026/03/01 18:19:30 PG Send: {"Type":"Bind","DestinationPortal":"","PreparedStatement":"
","ParameterFormatCodes":null,"Parameters":[],"ResultFormatCodes":[]}
2026/03/01 18:19:30 PG Send: {"Type":"Describe","ObjectType":"P","Name":""}
2026/03/01 18:19:30 PG Send: {"Type":"Execute","Portal":"","MaxRows":0}
2026/03/01 18:19:30 PG Send: {"Type":"Parse","Name":"","Query":"ALTER TABLE 
supabase_migrations.schema_migrations ADD COLUMN IF NOT EXISTS statements 
text[]","ParameterOIDs":null}
2026/03/01 18:19:30 PG Send: {"Type":"Bind","DestinationPortal":"","PreparedStatement":"
","ParameterFormatCodes":null,"Parameters":[],"ResultFormatCodes":[]}
2026/03/01 18:19:30 PG Send: {"Type":"Describe","ObjectType":"P","Name":""}
2026/03/01 18:19:30 PG Send: {"Type":"Execute","Portal":"","MaxRows":0}
2026/03/01 18:19:30 PG Send: {"Type":"Parse","Name":"","Query":"ALTER TABLE 
supabase_migrations.schema_migrations ADD COLUMN IF NOT EXISTS name 
text","ParameterOIDs":null}
2026/03/01 18:19:30 PG Send: {"Type":"Bind","DestinationPortal":"","PreparedStatement":"
","ParameterFormatCodes":null,"Parameters":[],"ResultFormatCodes":[]}
2026/03/01 18:19:30 PG Send: {"Type":"Describe","ObjectType":"P","Name":""}
2026/03/01 18:19:30 PG Send: {"Type":"Execute","Portal":"","MaxRows":0}
2026/03/01 18:19:30 PG Send: {"Type":"Sync"}
2026/03/01 18:19:30 PG Recv: {"Type":"ParseComplete"}
2026/03/01 18:19:30 PG Recv: {"Type":"BindComplete"}
2026/03/01 18:19:30 PG Recv: {"Type":"NoData"}
2026/03/01 18:19:30 PG Recv: {"Type":"CommandComplete","CommandTag":"SET"}
2026/03/01 18:19:30 PG Recv: {"Type":"ParseComplete"}
2026/03/01 18:19:30 PG Recv: {"Type":"BindComplete"}
2026/03/01 18:19:30 PG Recv: {"Type":"NoData"}
2026/03/01 18:19:30 PG Recv: {"Type":"CommandComplete","CommandTag":"CREATE SCHEMA"}
2026/03/01 18:19:30 PG Recv: {"Type":"ParseComplete"}
2026/03/01 18:19:30 PG Recv: {"Type":"BindComplete"}
2026/03/01 18:19:30 PG Recv: {"Type":"NoData"}
2026/03/01 18:19:30 PG Recv: {"Type":"CommandComplete","CommandTag":"CREATE TABLE"}
2026/03/01 18:19:30 PG Recv: {"Type":"ParseComplete"}
2026/03/01 18:19:30 PG Recv: {"Type":"BindComplete"}
2026/03/01 18:19:30 PG Recv: {"Type":"NoData"}
2026/03/01 18:19:30 PG Recv: {"Type":"CommandComplete","CommandTag":"ALTER TABLE"}
2026/03/01 18:19:30 PG Recv: {"Type":"ParseComplete"}
2026/03/01 18:19:30 PG Recv: {"Type":"BindComplete"}
2026/03/01 18:19:30 PG Recv: {"Type":"NoData"}
2026/03/01 18:19:30 PG Recv: {"Type":"CommandComplete","CommandTag":"ALTER TABLE"}
2026/03/01 18:19:30 PG Recv: {"Type":"ReadyForQuery","TxStatus":"I"}
Applying migration 20260101000000_supabase_schema.sql...
2026/03/01 18:19:30 PG Send: {"Type":"Query","String":"RESET ALL"}
2026/03/01 18:19:30 PG Recv: {"Type":"CommandComplete","CommandTag":"RESET"}
2026/03/01 18:19:30 PG Recv: {"Type":"ReadyForQuery","TxStatus":"I"}
2026/03/01 18:19:30 PG Send: {"Type":"Parse","Name":"","Query":"-- 
============================================\r\n-- Mercado do Vale - Supabase Database 
Schema\r\n-- Multi-Tenant SaaS Architecture\r\n-- 
============================================\r\n\r\n-- Enable UUID extension\r\nCREATE 
EXTENSION IF NOT EXISTS \"uuid-ossp\"","ParameterOIDs":null}
2026/03/01 18:19:30 PG Send: {"Type":"Bind","DestinationPortal":"","PreparedStatement":"
","ParameterFormatCodes":null,"Parameters":[],"ResultFormatCodes":[]}
2026/03/01 18:19:30 PG Send: {"Type":"Describe","ObjectType":"P","Name":""}
2026/03/01 18:19:30 PG Send: {"Type":"Execute","Portal":"","MaxRows":0}
2026/03/01 18:19:30 PG Send: {"Type":"Parse","Name":"","Query":"-- 
============================================\r\n-- HELPER FUNCTIONS\r\n-- 
============================================\r\n\r\n-- Function to update updated_at 
timestamp\r\nCREATE OR REPLACE FUNCTION update_updated_at_column()\r\nRETURNS TRIGGER 
AS $$\r\nBEGIN\r\n  NEW.updated_at = NOW();\r\n  RETURN NEW;\r\nEND;\r\n$$ LANGUAGE 
plpgsql","ParameterOIDs":null}
2026/03/01 18:19:30 PG Send: {"Type":"Bind","DestinationPortal":"","PreparedStatement":"
","ParameterFormatCodes":null,"Parameters":[],"ResultFormatCodes":[]}
2026/03/01 18:19:30 PG Send: {"Type":"Describe","ObjectType":"P","Name":""}
2026/03/01 18:19:30 PG Send: {"Type":"Execute","Portal":"","MaxRows":0}
2026/03/01 18:19:30 PG Send: {"Type":"Parse","Name":"","Query":"-- 
============================================\r\n-- TABLE: companies (Tenants)\r\n-- 
============================================\r\n\r\nCREATE TABLE companies (\r\n  id 
UUID PRIMARY KEY DEFAULT uuid_generate_v4(),\r\n  name TEXT NOT NULL,\r\n  slug TEXT 
UNIQUE NOT NULL,\r\n  plan TEXT NOT NULL DEFAULT 'free', -- free, pro, enterprise\r\n  
status TEXT NOT NULL DEFAULT 'active', -- active, suspended, cancelled\r\n  settings 
JSONB DEFAULT '{}',\r\n  created_at TIMESTAMPTZ DEFAULT NOW(),\r\n  updated_at 
TIMESTAMPTZ DEFAULT NOW()\r\n)","ParameterOIDs":null}
2026/03/01 18:19:30 PG Send: {"Type":"Bind","DestinationPortal":"","PreparedStatement":"
","ParameterFormatCodes":null,"Parameters":[],"ResultFormatCodes":[]}
2026/03/01 18:19:30 PG Send: {"Type":"Describe","ObjectType":"P","Name":""}
2026/03/01 18:19:30 PG Send: {"Type":"Execute","Portal":"","MaxRows":0}
2026/03/01 18:19:30 PG Send: {"Type":"Parse","Name":"","Query":"CREATE TRIGGER 
update_companies_updated_at\r\n  BEFORE UPDATE ON companies\r\n  FOR EACH ROW\r\n  
EXECUTE FUNCTION update_updated_at_column()","ParameterOIDs":null}
2026/03/01 18:19:30 PG Send: {"Type":"Bind","DestinationPortal":"","PreparedStatement":"
","ParameterFormatCodes":null,"Parameters":[],"ResultFormatCodes":[]}
2026/03/01 18:19:30 PG Send: {"Type":"Describe","ObjectType":"P","Name":""}
2026/03/01 18:19:30 PG Send: {"Type":"Execute","Portal":"","MaxRows":0}
2026/03/01 18:19:30 PG Send: {"Type":"Parse","Name":"","Query":"-- 
============================================\r\n-- TABLE: user_companies (User-Company 
Relationship)\r\n-- ============================================\r\n\r\nCREATE TABLE 
user_companies (\r\n  id UUID PRIMARY KEY DEFAULT uuid_generate_v4(),\r\n  user_id UUID 
NOT NULL REFERENCES auth.users(id) ON DELETE CASCADE,\r\n  company_id UUID NOT NULL 
REFERENCES companies(id) ON DELETE CASCADE,\r\n  role TEXT NOT NULL DEFAULT 'member', 
-- owner, admin, member\r\n  created_at TIMESTAMPTZ DEFAULT NOW(),\r\n  UNIQUE(user_id, 
company_id)\r\n)","ParameterOIDs":null}
2026/03/01 18:19:30 PG Send: {"Type":"Bind","DestinationPortal":"","PreparedStatement":"
","ParameterFormatCodes":null,"Parameters":[],"ResultFormatCodes":[]}
2026/03/01 18:19:30 PG Send: {"Type":"Describe","ObjectType":"P","Name":""}
2026/03/01 18:19:30 PG Send: {"Type":"Execute","Portal":"","MaxRows":0}
2026/03/01 18:19:30 PG Send: {"Type":"Parse","Name":"","Query":"CREATE INDEX 
idx_user_companies_user_id ON user_companies(user_id)","ParameterOIDs":null}
2026/03/01 18:19:30 PG Send: {"Type":"Bind","DestinationPortal":"","PreparedStatement":"
","ParameterFormatCodes":null,"Parameters":[],"ResultFormatCodes":[]}
2026/03/01 18:19:30 PG Send: {"Type":"Describe","ObjectType":"P","Name":""}
2026/03/01 18:19:30 PG Send: {"Type":"Execute","Portal":"","MaxRows":0}
2026/03/01 18:19:30 PG Send: {"Type":"Parse","Name":"","Query":"CREATE INDEX 
idx_user_companies_company_id ON user_companies(company_id)","ParameterOIDs":null}
2026/03/01 18:19:30 PG Send: {"Type":"Bind","DestinationPortal":"","PreparedStatement":"
","ParameterFormatCodes":null,"Parameters":[],"ResultFormatCodes":[]}
2026/03/01 18:19:30 PG Send: {"Type":"Describe","ObjectType":"P","Name":""}
2026/03/01 18:19:30 PG Send: {"Type":"Execute","Portal":"","MaxRows":0}
2026/03/01 18:19:30 PG Send: {"Type":"Parse","Name":"","Query":"-- 
============================================\r\n-- TABLE: categories\r\n-- 
============================================\r\n\r\nCREATE TABLE categories (\r\n  id 
UUID PRIMARY KEY DEFAULT uuid_generate_v4(),\r\n  company_id UUID NOT NULL REFERENCES 
companies(id) ON DELETE CASCADE,\r\n  name TEXT NOT NULL,\r\n  slug TEXT NOT NULL,\r\n  
config JSONB NOT NULL DEFAULT '{}',\r\n  created_at TIMESTAMPTZ DEFAULT NOW(),\r\n  
updated_at TIMESTAMPTZ DEFAULT NOW(),\r\n  UNIQUE(company_id, 
slug)\r\n)","ParameterOIDs":null}
2026/03/01 18:19:30 PG Send: {"Type":"Bind","DestinationPortal":"","PreparedStatement":"
","ParameterFormatCodes":null,"Parameters":[],"ResultFormatCodes":[]}
2026/03/01 18:19:30 PG Send: {"Type":"Describe","ObjectType":"P","Name":""}
2026/03/01 18:19:30 PG Send: {"Type":"Execute","Portal":"","MaxRows":0}
2026/03/01 18:19:30 PG Send: {"Type":"Parse","Name":"","Query":"CREATE INDEX 
idx_categories_company_id ON categories(company_id)","ParameterOIDs":null}
2026/03/01 18:19:30 PG Send: {"Type":"Bind","DestinationPortal":"","PreparedStatement":"
","ParameterFormatCodes":null,"Parameters":[],"ResultFormatCodes":[]}
2026/03/01 18:19:30 PG Send: {"Type":"Describe","ObjectType":"P","Name":""}
2026/03/01 18:19:30 PG Send: {"Type":"Execute","Portal":"","MaxRows":0}
2026/03/01 18:19:30 PG Send: {"Type":"Parse","Name":"","Query":"CREATE TRIGGER 
update_categories_updated_at\r\n  BEFORE UPDATE ON categories\r\n  FOR EACH ROW\r\n  
EXECUTE FUNCTION update_updated_at_column()","ParameterOIDs":null}
2026/03/01 18:19:30 PG Send: {"Type":"Bind","DestinationPortal":"","PreparedStatement":"
","ParameterFormatCodes":null,"Parameters":[],"ResultFormatCodes":[]}
2026/03/01 18:19:30 PG Send: {"Type":"Describe","ObjectType":"P","Name":""}
2026/03/01 18:19:30 PG Send: {"Type":"Execute","Portal":"","MaxRows":0}
2026/03/01 18:19:30 PG Send: {"Type":"Parse","Name":"","Query":"-- RLS for 
categories\r\nALTER TABLE categories ENABLE ROW LEVEL SECURITY","ParameterOIDs":null}
2026/03/01 18:19:30 PG Send: {"Type":"Bind","DestinationPortal":"","PreparedStatement":"
","ParameterFormatCodes":null,"Parameters":[],"ResultFormatCodes":[]}
2026/03/01 18:19:30 PG Send: {"Type":"Describe","ObjectType":"P","Name":""}
2026/03/01 18:19:30 PG Send: {"Type":"Execute","Portal":"","MaxRows":0}
2026/03/01 18:19:30 PG Send: {"Type":"Parse","Name":"","Query":"CREATE POLICY \"Users 
can view their company categories\"\r\n  ON categories FOR SELECT\r\n  USING 
(company_id::text = (auth.jwt() -\u003e 'app_metadata' -\u003e\u003e 
'company_id'))","ParameterOIDs":null}
2026/03/01 18:19:30 PG Send: {"Type":"Bind","DestinationPortal":"","PreparedStatement":"
","ParameterFormatCodes":null,"Parameters":[],"ResultFormatCodes":[]}
2026/03/01 18:19:30 PG Send: {"Type":"Describe","ObjectType":"P","Name":""}
2026/03/01 18:19:30 PG Send: {"Type":"Execute","Portal":"","MaxRows":0}
2026/03/01 18:19:30 PG Send: {"Type":"Parse","Name":"","Query":"CREATE POLICY \"Users 
can insert categories for their company\"\r\n  ON categories FOR INSERT\r\n  WITH CHECK 
(company_id::text = (auth.jwt() -\u003e 'app_metadata' -\u003e\u003e 
'company_id'))","ParameterOIDs":null}
2026/03/01 18:19:30 PG Send: {"Type":"Bind","DestinationPortal":"","PreparedStatement":"
","ParameterFormatCodes":null,"Parameters":[],"ResultFormatCodes":[]}
2026/03/01 18:19:30 PG Send: {"Type":"Describe","ObjectType":"P","Name":""}
2026/03/01 18:19:30 PG Send: {"Type":"Execute","Portal":"","MaxRows":0}
2026/03/01 18:19:30 PG Send: {"Type":"Parse","Name":"","Query":"CREATE POLICY \"Users 
can update their company categories\"\r\n  ON categories FOR UPDATE\r\n  USING 
(company_id::text = (auth.jwt() -\u003e 'app_metadata' -\u003e\u003e 
'company_id'))","ParameterOIDs":null}
2026/03/01 18:19:30 PG Send: {"Type":"Bind","DestinationPortal":"","PreparedStatement":"
","ParameterFormatCodes":null,"Parameters":[],"ResultFormatCodes":[]}
2026/03/01 18:19:30 PG Send: {"Type":"Describe","ObjectType":"P","Name":""}
2026/03/01 18:19:30 PG Send: {"Type":"Execute","Portal":"","MaxRows":0}
2026/03/01 18:19:30 PG Send: {"Type":"Parse","Name":"","Query":"CREATE POLICY \"Users 
can delete their company categories\"\r\n  ON categories FOR DELETE\r\n  USING 
(company_id::text = (auth.jwt() -\u003e 'app_metadata' -\u003e\u003e 
'company_id'))","ParameterOIDs":null}
2026/03/01 18:19:30 PG Send: {"Type":"Bind","DestinationPortal":"","PreparedStatement":"
","ParameterFormatCodes":null,"Parameters":[],"ResultFormatCodes":[]}
2026/03/01 18:19:30 PG Send: {"Type":"Describe","ObjectType":"P","Name":""}
2026/03/01 18:19:30 PG Send: {"Type":"Execute","Portal":"","MaxRows":0}
2026/03/01 18:19:30 PG Send: {"Type":"Parse","Name":"","Query":"-- 
============================================\r\n-- TABLE: brands\r\n-- 
============================================\r\n\r\nCREATE TABLE brands (\r\n  id UUID 
PRIMARY KEY DEFAULT uuid_generate_v4(),\r\n  company_id UUID NOT NULL REFERENCES 
companies(id) ON DELETE CASCADE,\r\n  name TEXT NOT NULL,\r\n  slug TEXT NOT NULL,\r\n  
created_at TIMESTAMPTZ DEFAULT NOW(),\r\n  updated_at TIMESTAMPTZ DEFAULT NOW(),\r\n  
UNIQUE(company_id, slug)\r\n)","ParameterOIDs":null}
2026/03/01 18:19:30 PG Send: {"Type":"Bind","DestinationPortal":"","PreparedStatement":"
","ParameterFormatCodes":null,"Parameters":[],"ResultFormatCodes":[]}
2026/03/01 18:19:30 PG Send: {"Type":"Describe","ObjectType":"P","Name":""}
2026/03/01 18:19:30 PG Send: {"Type":"Execute","Portal":"","MaxRows":0}
2026/03/01 18:19:30 PG Send: {"Type":"Parse","Name":"","Query":"CREATE INDEX 
idx_brands_company_id ON brands(company_id)","ParameterOIDs":null}
2026/03/01 18:19:30 PG Recv: {"Type":"ParseComplete"}
2026/03/01 18:19:30 PG Send: {"Type":"Bind","DestinationPortal":"","PreparedStatement":"
","ParameterFormatCodes":null,"Parameters":[],"ResultFormatCodes":[]}
2026/03/01 18:19:30 PG Recv: {"Type":"BindComplete"}
2026/03/01 18:19:30 PG Recv: {"Type":"NoData"}
2026/03/01 18:19:30 PG Send: {"Type":"Describe","ObjectType":"P","Name":""}
2026/03/01 18:19:30 PG Recv: 
{"Severity":"NOTICE","SeverityUnlocalized":"NOTICE","Code":"42710","Message":"extension 
\"uuid-ossp\" already exists, skipping","Detail":"","Hint":"","Position":0,"InternalPosi
tion":0,"InternalQuery":"","Where":"","SchemaName":"","TableName":"","ColumnName":"","Da
taTypeName":"","ConstraintName":"","File":"extension.c","Line":1791,"Routine":"CreateExt
ension","UnknownFields":null}
NOTICE (42710): extension "uuid-ossp" already exists, skipping
2026/03/01 18:19:30 PG Send: {"Type":"Execute","Portal":"","MaxRows":0}
2026/03/01 18:19:30 PG Send: {"Type":"Parse","Name":"","Query":"CREATE TRIGGER 
update_brands_updated_at\r\n  BEFORE UPDATE ON brands\r\n  FOR EACH ROW\r\n  EXECUTE 
FUNCTION update_updated_at_column()","ParameterOIDs":null}
2026/03/01 18:19:30 PG Send: {"Type":"Bind","DestinationPortal":"","PreparedStatement":"
","ParameterFormatCodes":null,"Parameters":[],"ResultFormatCodes":[]}
2026/03/01 18:19:30 PG Send: {"Type":"Describe","ObjectType":"P","Name":""}
2026/03/01 18:19:30 PG Send: {"Type":"Execute","Portal":"","MaxRows":0}
2026/03/01 18:19:30 PG Send: {"Type":"Parse","Name":"","Query":"-- RLS for 
brands\r\nALTER TABLE brands ENABLE ROW LEVEL SECURITY","ParameterOIDs":null}
2026/03/01 18:19:30 PG Send: {"Type":"Bind","DestinationPortal":"","PreparedStatement":"
","ParameterFormatCodes":null,"Parameters":[],"ResultFormatCodes":[]}
2026/03/01 18:19:30 PG Send: {"Type":"Describe","ObjectType":"P","Name":""}
2026/03/01 18:19:30 PG Send: {"Type":"Execute","Portal":"","MaxRows":0}
2026/03/01 18:19:30 PG Send: {"Type":"Parse","Name":"","Query":"CREATE POLICY \"Users 
can view their company brands\"\r\n  ON brands FOR SELECT\r\n  USING (company_id::text 
= (auth.jwt() -\u003e 'app_metadata' -\u003e\u003e 'company_id'))","ParameterOIDs":null}
2026/03/01 18:19:30 PG Send: {"Type":"Bind","DestinationPortal":"","PreparedStatement":"
","ParameterFormatCodes":null,"Parameters":[],"ResultFormatCodes":[]}
2026/03/01 18:19:30 PG Send: {"Type":"Describe","ObjectType":"P","Name":""}
2026/03/01 18:19:30 PG Send: {"Type":"Execute","Portal":"","MaxRows":0}
2026/03/01 18:19:30 PG Send: {"Type":"Parse","Name":"","Query":"CREATE POLICY \"Users 
can insert brands for their company\"\r\n  ON brands FOR INSERT\r\n  WITH CHECK 
(company_id::text = (auth.jwt() -\u003e 'app_metadata' -\u003e\u003e 
'company_id'))","ParameterOIDs":null}
2026/03/01 18:19:30 PG Send: {"Type":"Bind","DestinationPortal":"","PreparedStatement":"
","ParameterFormatCodes":null,"Parameters":[],"ResultFormatCodes":[]}
2026/03/01 18:19:30 PG Send: {"Type":"Describe","ObjectType":"P","Name":""}
2026/03/01 18:19:30 PG Send: {"Type":"Execute","Portal":"","MaxRows":0}
2026/03/01 18:19:30 PG Send: {"Type":"Parse","Name":"","Query":"CREATE POLICY \"Users 
can update their company brands\"\r\n  ON brands FOR UPDATE\r\n  USING 
(company_id::text = (auth.jwt() -\u003e 'app_metadata' -\u003e\u003e 
'company_id'))","ParameterOIDs":null}
2026/03/01 18:19:30 PG Send: {"Type":"Bind","DestinationPortal":"","PreparedStatement":"
","ParameterFormatCodes":null,"Parameters":[],"ResultFormatCodes":[]}
2026/03/01 18:19:30 PG Send: {"Type":"Describe","ObjectType":"P","Name":""}
2026/03/01 18:19:30 PG Send: {"Type":"Execute","Portal":"","MaxRows":0}
2026/03/01 18:19:30 PG Send: {"Type":"Parse","Name":"","Query":"CREATE POLICY \"Users 
can delete their company brands\"\r\n  ON brands FOR DELETE\r\n  USING 
(company_id::text = (auth.jwt() -\u003e 'app_metadata' -\u003e\u003e 
'company_id'))","ParameterOIDs":null}
2026/03/01 18:19:30 PG Send: {"Type":"Bind","DestinationPortal":"","PreparedStatement":"
","ParameterFormatCodes":null,"Parameters":[],"ResultFormatCodes":[]}
2026/03/01 18:19:30 PG Send: {"Type":"Describe","ObjectType":"P","Name":""}
2026/03/01 18:19:30 PG Send: {"Type":"Execute","Portal":"","MaxRows":0}
2026/03/01 18:19:30 PG Send: {"Type":"Parse","Name":"","Query":"-- 
============================================\r\n-- TABLE: models\r\n-- 
============================================\r\n\r\nCREATE TABLE models (\r\n  id UUID 
PRIMARY KEY DEFAULT uuid_generate_v4(),\r\n  company_id UUID NOT NULL REFERENCES 
companies(id) ON DELETE CASCADE,\r\n  brand_id UUID NOT NULL REFERENCES brands(id) ON 
DELETE CASCADE,\r\n  name TEXT NOT NULL,\r\n  slug TEXT NOT NULL,\r\n  created_at 
TIMESTAMPTZ DEFAULT NOW(),\r\n  updated_at TIMESTAMPTZ DEFAULT NOW(),\r\n  
UNIQUE(company_id, brand_id, slug)\r\n)","ParameterOIDs":null}
2026/03/01 18:19:30 PG Send: {"Type":"Bind","DestinationPortal":"","PreparedStatement":"
","ParameterFormatCodes":null,"Parameters":[],"ResultFormatCodes":[]}
2026/03/01 18:19:30 PG Send: {"Type":"Describe","ObjectType":"P","Name":""}
2026/03/01 18:19:30 PG Send: {"Type":"Execute","Portal":"","MaxRows":0}
2026/03/01 18:19:30 PG Send: {"Type":"Parse","Name":"","Query":"CREATE INDEX 
idx_models_company_id ON models(company_id)","ParameterOIDs":null}
2026/03/01 18:19:30 PG Send: {"Type":"Bind","DestinationPortal":"","PreparedStatement":"
","ParameterFormatCodes":null,"Parameters":[],"ResultFormatCodes":[]}
2026/03/01 18:19:30 PG Send: {"Type":"Describe","ObjectType":"P","Name":""}
2026/03/01 18:19:30 PG Send: {"Type":"Execute","Portal":"","MaxRows":0}
2026/03/01 18:19:30 PG Send: {"Type":"Parse","Name":"","Query":"CREATE INDEX 
idx_models_brand_id ON models(brand_id)","ParameterOIDs":null}
2026/03/01 18:19:30 PG Send: {"Type":"Bind","DestinationPortal":"","PreparedStatement":"
","ParameterFormatCodes":null,"Parameters":[],"ResultFormatCodes":[]}
2026/03/01 18:19:30 PG Send: {"Type":"Describe","ObjectType":"P","Name":""}
2026/03/01 18:19:30 PG Send: {"Type":"Execute","Portal":"","MaxRows":0}
2026/03/01 18:19:30 PG Send: {"Type":"Parse","Name":"","Query":"CREATE TRIGGER 
update_models_updated_at\r\n  BEFORE UPDATE ON models\r\n  FOR EACH ROW\r\n  EXECUTE 
FUNCTION update_updated_at_column()","ParameterOIDs":null}
2026/03/01 18:19:30 PG Send: {"Type":"Bind","DestinationPortal":"","PreparedStatement":"
","ParameterFormatCodes":null,"Parameters":[],"ResultFormatCodes":[]}
2026/03/01 18:19:30 PG Send: {"Type":"Describe","ObjectType":"P","Name":""}
2026/03/01 18:19:30 PG Send: {"Type":"Execute","Portal":"","MaxRows":0}
2026/03/01 18:19:30 PG Send: {"Type":"Parse","Name":"","Query":"-- RLS for 
models\r\nALTER TABLE models ENABLE ROW LEVEL SECURITY","ParameterOIDs":null}
2026/03/01 18:19:30 PG Send: {"Type":"Bind","DestinationPortal":"","PreparedStatement":"
","ParameterFormatCodes":null,"Parameters":[],"ResultFormatCodes":[]}
2026/03/01 18:19:30 PG Send: {"Type":"Describe","ObjectType":"P","Name":""}
2026/03/01 18:19:30 PG Send: {"Type":"Execute","Portal":"","MaxRows":0}
2026/03/01 18:19:30 PG Send: {"Type":"Parse","Name":"","Query":"CREATE POLICY \"Users 
can view their company models\"\r\n  ON models FOR SELECT\r\n  USING (company_id::text 
= (auth.jwt() -\u003e 'app_metadata' -\u003e\u003e 'company_id'))","ParameterOIDs":null}
2026/03/01 18:19:30 PG Send: {"Type":"Bind","DestinationPortal":"","PreparedStatement":"
","ParameterFormatCodes":null,"Parameters":[],"ResultFormatCodes":[]}
2026/03/01 18:19:30 PG Send: {"Type":"Describe","ObjectType":"P","Name":""}
2026/03/01 18:19:30 PG Send: {"Type":"Execute","Portal":"","MaxRows":0}
2026/03/01 18:19:30 PG Send: {"Type":"Parse","Name":"","Query":"CREATE POLICY \"Users 
can insert models for their company\"\r\n  ON models FOR INSERT\r\n  WITH CHECK 
(company_id::text = (auth.jwt() -\u003e 'app_metadata' -\u003e\u003e 
'company_id'))","ParameterOIDs":null}
2026/03/01 18:19:30 PG Send: {"Type":"Bind","DestinationPortal":"","PreparedStatement":"
","ParameterFormatCodes":null,"Parameters":[],"ResultFormatCodes":[]}
2026/03/01 18:19:30 PG Send: {"Type":"Describe","ObjectType":"P","Name":""}
2026/03/01 18:19:30 PG Send: {"Type":"Execute","Portal":"","MaxRows":0}
2026/03/01 18:19:30 PG Send: {"Type":"Parse","Name":"","Query":"CREATE POLICY \"Users 
can update their company models\"\r\n  ON models FOR UPDATE\r\n  USING 
(company_id::text = (auth.jwt() -\u003e 'app_metadata' -\u003e\u003e 
'company_id'))","ParameterOIDs":null}
2026/03/01 18:19:30 PG Send: {"Type":"Bind","DestinationPortal":"","PreparedStatement":"
","ParameterFormatCodes":null,"Parameters":[],"ResultFormatCodes":[]}
2026/03/01 18:19:30 PG Send: {"Type":"Describe","ObjectType":"P","Name":""}
2026/03/01 18:19:30 PG Send: {"Type":"Execute","Portal":"","MaxRows":0}
2026/03/01 18:19:30 PG Send: {"Type":"Parse","Name":"","Query":"CREATE POLICY \"Users 
can delete their company models\"\r\n  ON models FOR DELETE\r\n  USING 
(company_id::text = (auth.jwt() -\u003e 'app_metadata' -\u003e\u003e 
'company_id'))","ParameterOIDs":null}
2026/03/01 18:19:30 PG Send: {"Type":"Bind","DestinationPortal":"","PreparedStatement":"
","ParameterFormatCodes":null,"Parameters":[],"ResultFormatCodes":[]}
2026/03/01 18:19:30 PG Send: {"Type":"Describe","ObjectType":"P","Name":""}
2026/03/01 18:19:30 PG Send: {"Type":"Execute","Portal":"","MaxRows":0}
2026/03/01 18:19:30 PG Send: {"Type":"Parse","Name":"","Query":"-- 
============================================\r\n-- TABLE: products\r\n-- 
============================================\r\n\r\nCREATE TABLE products (\r\n  id 
UUID PRIMARY KEY DEFAULT uuid_generate_v4(),\r\n  company_id UUID NOT NULL REFERENCES 
companies(id) ON DELETE CASCADE,\r\n  category_id UUID NOT NULL REFERENCES 
categories(id) ON DELETE RESTRICT,\r\n  brand_id UUID REFERENCES brands(id) ON DELETE 
SET NULL,\r\n  model_id UUID REFERENCES models(id) ON DELETE SET NULL,\r\n  \r\n  -- 
Basic Info\r\n  name TEXT NOT NULL,\r\n  sku TEXT,\r\n  description TEXT,\r\n  ean 
TEXT,\r\n  alternative_eans TEXT[] DEFAULT '{}',\r\n  \r\n  -- Specifications (stored 
as JSONB for flexibility)\r\n  specs JSONB DEFAULT '{}',\r\n  \r\n  -- Pricing (stored 
as INTEGER CENTS to avoid floating point issues)\r\n  price_cost INTEGER,\r\n  
price_retail INTEGER,\r\n  price_reseller INTEGER,\r\n  price_wholesale INTEGER,\r\n  
\r\n  -- Fiscal\r\n  ncm TEXT,\r\n  cest TEXT,\r\n  origin TEXT,\r\n  \r\n  -- 
Logistics\r\n  weight_kg DECIMAL(10,3),\r\n  dimensions JSONB,\r\n  stock_quantity 
INTEGER DEFAULT 0,\r\n  \r\n  -- Metadata\r\n  created_at TIMESTAMPTZ DEFAULT 
NOW(),\r\n  updated_at TIMESTAMPTZ DEFAULT NOW(),\r\n  \r\n  UNIQUE(company_id, 
ean)\r\n)","ParameterOIDs":null}
2026/03/01 18:19:30 PG Send: {"Type":"Bind","DestinationPortal":"","PreparedStatement":"
","ParameterFormatCodes":null,"Parameters":[],"ResultFormatCodes":[]}
2026/03/01 18:19:30 PG Send: {"Type":"Describe","ObjectType":"P","Name":""}
2026/03/01 18:19:30 PG Send: {"Type":"Execute","Portal":"","MaxRows":0}
2026/03/01 18:19:30 PG Send: {"Type":"Parse","Name":"","Query":"CREATE INDEX 
idx_products_company_id ON products(company_id)","ParameterOIDs":null}
2026/03/01 18:19:30 PG Send: {"Type":"Bind","DestinationPortal":"","PreparedStatement":"
","ParameterFormatCodes":null,"Parameters":[],"ResultFormatCodes":[]}
2026/03/01 18:19:30 PG Send: {"Type":"Describe","ObjectType":"P","Name":""}
2026/03/01 18:19:30 PG Send: {"Type":"Execute","Portal":"","MaxRows":0}
2026/03/01 18:19:30 PG Send: {"Type":"Parse","Name":"","Query":"CREATE INDEX 
idx_products_category_id ON products(category_id)","ParameterOIDs":null}
2026/03/01 18:19:30 PG Send: {"Type":"Bind","DestinationPortal":"","PreparedStatement":"
","ParameterFormatCodes":null,"Parameters":[],"ResultFormatCodes":[]}
2026/03/01 18:19:30 PG Send: {"Type":"Describe","ObjectType":"P","Name":""}
2026/03/01 18:19:30 PG Send: {"Type":"Execute","Portal":"","MaxRows":0}
2026/03/01 18:19:30 PG Send: {"Type":"Parse","Name":"","Query":"CREATE INDEX 
idx_products_brand_id ON products(brand_id)","ParameterOIDs":null}
2026/03/01 18:19:30 PG Send: {"Type":"Bind","DestinationPortal":"","PreparedStatement":"
","ParameterFormatCodes":null,"Parameters":[],"ResultFormatCodes":[]}
2026/03/01 18:19:30 PG Send: {"Type":"Describe","ObjectType":"P","Name":""}
2026/03/01 18:19:30 PG Send: {"Type":"Execute","Portal":"","MaxRows":0}
2026/03/01 18:19:30 PG Send: {"Type":"Parse","Name":"","Query":"CREATE INDEX 
idx_products_model_id ON products(model_id)","ParameterOIDs":null}
2026/03/01 18:19:30 PG Send: {"Type":"Bind","DestinationPortal":"","PreparedStatement":"
","ParameterFormatCodes":null,"Parameters":[],"ResultFormatCodes":[]}
2026/03/01 18:19:30 PG Send: {"Type":"Describe","ObjectType":"P","Name":""}
2026/03/01 18:19:30 PG Send: {"Type":"Execute","Portal":"","MaxRows":0}
2026/03/01 18:19:30 PG Send: {"Type":"Parse","Name":"","Query":"CREATE INDEX 
idx_products_ean ON products(ean)","ParameterOIDs":null}
2026/03/01 18:19:30 PG Send: {"Type":"Bind","DestinationPortal":"","PreparedStatement":"
","ParameterFormatCodes":null,"Parameters":[],"ResultFormatCodes":[]}
2026/03/01 18:19:30 PG Send: {"Type":"Describe","ObjectType":"P","Name":""}
2026/03/01 18:19:30 PG Send: {"Type":"Execute","Portal":"","MaxRows":0}
2026/03/01 18:19:30 PG Send: {"Type":"Parse","Name":"","Query":"CREATE TRIGGER 
update_products_updated_at\r\n  BEFORE UPDATE ON products\r\n  FOR EACH ROW\r\n  
EXECUTE FUNCTION update_updated_at_column()","ParameterOIDs":null}
2026/03/01 18:19:30 PG Send: {"Type":"Bind","DestinationPortal":"","PreparedStatement":"
","ParameterFormatCodes":null,"Parameters":[],"ResultFormatCodes":[]}
2026/03/01 18:19:30 PG Send: {"Type":"Describe","ObjectType":"P","Name":""}
2026/03/01 18:19:30 PG Send: {"Type":"Execute","Portal":"","MaxRows":0}
2026/03/01 18:19:30 PG Send: {"Type":"Parse","Name":"","Query":"-- RLS for 
products\r\nALTER TABLE products ENABLE ROW LEVEL SECURITY","ParameterOIDs":null}
2026/03/01 18:19:30 PG Send: {"Type":"Bind","DestinationPortal":"","PreparedStatement":"
","ParameterFormatCodes":null,"Parameters":[],"ResultFormatCodes":[]}
2026/03/01 18:19:30 PG Send: {"Type":"Describe","ObjectType":"P","Name":""}
2026/03/01 18:19:30 PG Send: {"Type":"Execute","Portal":"","MaxRows":0}
2026/03/01 18:19:30 PG Send: {"Type":"Parse","Name":"","Query":"CREATE POLICY \"Users 
can view their company products\"\r\n  ON products FOR SELECT\r\n  USING 
(company_id::text = (auth.jwt() -\u003e 'app_metadata' -\u003e\u003e 
'company_id'))","ParameterOIDs":null}
2026/03/01 18:19:30 PG Send: {"Type":"Bind","DestinationPortal":"","PreparedStatement":"
","ParameterFormatCodes":null,"Parameters":[],"ResultFormatCodes":[]}
2026/03/01 18:19:30 PG Send: {"Type":"Describe","ObjectType":"P","Name":""}
2026/03/01 18:19:30 PG Send: {"Type":"Execute","Portal":"","MaxRows":0}
2026/03/01 18:19:30 PG Send: {"Type":"Parse","Name":"","Query":"CREATE POLICY \"Users 
can insert products for their company\"\r\n  ON products FOR INSERT\r\n  WITH CHECK 
(company_id::text = (auth.jwt() -\u003e 'app_metadata' -\u003e\u003e 
'company_id'))","ParameterOIDs":null}
2026/03/01 18:19:30 PG Send: {"Type":"Bind","DestinationPortal":"","PreparedStatement":"
","ParameterFormatCodes":null,"Parameters":[],"ResultFormatCodes":[]}
2026/03/01 18:19:30 PG Send: {"Type":"Describe","ObjectType":"P","Name":""}
2026/03/01 18:19:30 PG Send: {"Type":"Execute","Portal":"","MaxRows":0}
2026/03/01 18:19:30 PG Send: {"Type":"Parse","Name":"","Query":"CREATE POLICY \"Users 
can update their company products\"\r\n  ON products FOR UPDATE\r\n  USING 
(company_id::text = (auth.jwt() -\u003e 'app_metadata' -\u003e\u003e 
'company_id'))","ParameterOIDs":null}
2026/03/01 18:19:30 PG Send: {"Type":"Bind","DestinationPortal":"","PreparedStatement":"
","ParameterFormatCodes":null,"Parameters":[],"ResultFormatCodes":[]}
2026/03/01 18:19:30 PG Send: {"Type":"Describe","ObjectType":"P","Name":""}
2026/03/01 18:19:30 PG Send: {"Type":"Execute","Portal":"","MaxRows":0}
2026/03/01 18:19:30 PG Send: {"Type":"Parse","Name":"","Query":"CREATE POLICY \"Users 
can delete their company products\"\r\n  ON products FOR DELETE\r\n  USING 
(company_id::text = (auth.jwt() -\u003e 'app_metadata' -\u003e\u003e 
'company_id'))","ParameterOIDs":null}
2026/03/01 18:19:30 PG Send: {"Type":"Bind","DestinationPortal":"","PreparedStatement":"
","ParameterFormatCodes":null,"Parameters":[],"ResultFormatCodes":[]}
2026/03/01 18:19:30 PG Send: {"Type":"Describe","ObjectType":"P","Name":""}
2026/03/01 18:19:30 PG Send: {"Type":"Execute","Portal":"","MaxRows":0}
2026/03/01 18:19:30 PG Send: {"Type":"Parse","Name":"","Query":"-- 
============================================\r\n-- TABLE: units (Inventory)\r\n-- 
============================================\r\n\r\nCREATE TABLE units (\r\n  id UUID 
PRIMARY KEY DEFAULT uuid_generate_v4(),\r\n  company_id UUID NOT NULL REFERENCES 
companies(id) ON DELETE CASCADE,\r\n  product_id UUID NOT NULL REFERENCES products(id) 
ON DELETE CASCADE,\r\n  \r\n  -- Identifiers\r\n  imei_1 TEXT,\r\n  imei_2 TEXT,\r\n  
serial TEXT,\r\n  \r\n  -- Status\r\n  status TEXT NOT NULL DEFAULT 'available', -- 
available, sold, reserved, defective\r\n  \r\n  -- Internal Notes\r\n  internal_notes 
TEXT,\r\n  \r\n  -- Metadata\r\n  created_at TIMESTAMPTZ DEFAULT NOW(),\r\n  updated_at 
TIMESTAMPTZ DEFAULT NOW()\r\n)","ParameterOIDs":null}
2026/03/01 18:19:30 PG Send: {"Type":"Bind","DestinationPortal":"","PreparedStatement":"
","ParameterFormatCodes":null,"Parameters":[],"ResultFormatCodes":[]}
2026/03/01 18:19:30 PG Send: {"Type":"Describe","ObjectType":"P","Name":""}
2026/03/01 18:19:30 PG Send: {"Type":"Execute","Portal":"","MaxRows":0}
2026/03/01 18:19:30 PG Send: {"Type":"Parse","Name":"","Query":"CREATE INDEX 
idx_units_company_id ON units(company_id)","ParameterOIDs":null}
2026/03/01 18:19:30 PG Send: {"Type":"Bind","DestinationPortal":"","PreparedStatement":"
","ParameterFormatCodes":null,"Parameters":[],"ResultFormatCodes":[]}
2026/03/01 18:19:30 PG Send: {"Type":"Describe","ObjectType":"P","Name":""}
2026/03/01 18:19:30 PG Send: {"Type":"Execute","Portal":"","MaxRows":0}
2026/03/01 18:19:30 PG Send: {"Type":"Parse","Name":"","Query":"CREATE INDEX 
idx_units_product_id ON units(product_id)","ParameterOIDs":null}
2026/03/01 18:19:30 PG Send: {"Type":"Bind","DestinationPortal":"","PreparedStatement":"
","ParameterFormatCodes":null,"Parameters":[],"ResultFormatCodes":[]}
2026/03/01 18:19:30 PG Send: {"Type":"Describe","ObjectType":"P","Name":""}
2026/03/01 18:19:30 PG Send: {"Type":"Execute","Portal":"","MaxRows":0}
2026/03/01 18:19:30 PG Send: {"Type":"Parse","Name":"","Query":"CREATE INDEX 
idx_units_imei_1 ON units(imei_1)","ParameterOIDs":null}
2026/03/01 18:19:30 PG Send: {"Type":"Bind","DestinationPortal":"","PreparedStatement":"
","ParameterFormatCodes":null,"Parameters":[],"ResultFormatCodes":[]}
2026/03/01 18:19:30 PG Send: {"Type":"Describe","ObjectType":"P","Name":""}
2026/03/01 18:19:30 PG Send: {"Type":"Execute","Portal":"","MaxRows":0}
2026/03/01 18:19:30 PG Send: {"Type":"Parse","Name":"","Query":"CREATE INDEX 
idx_units_serial ON units(serial)","ParameterOIDs":null}
2026/03/01 18:19:30 PG Send: {"Type":"Bind","DestinationPortal":"","PreparedStatement":"
","ParameterFormatCodes":null,"Parameters":[],"ResultFormatCodes":[]}
2026/03/01 18:19:30 PG Send: {"Type":"Describe","ObjectType":"P","Name":""}
2026/03/01 18:19:30 PG Send: {"Type":"Execute","Portal":"","MaxRows":0}
2026/03/01 18:19:30 PG Send: {"Type":"Parse","Name":"","Query":"CREATE TRIGGER 
update_units_updated_at\r\n  BEFORE UPDATE ON units\r\n  FOR EACH ROW\r\n  EXECUTE 
FUNCTION update_updated_at_column()","ParameterOIDs":null}
2026/03/01 18:19:30 PG Send: {"Type":"Bind","DestinationPortal":"","PreparedStatement":"
","ParameterFormatCodes":null,"Parameters":[],"ResultFormatCodes":[]}
2026/03/01 18:19:30 PG Send: {"Type":"Describe","ObjectType":"P","Name":""}
2026/03/01 18:19:30 PG Send: {"Type":"Execute","Portal":"","MaxRows":0}
2026/03/01 18:19:30 PG Send: {"Type":"Parse","Name":"","Query":"-- RLS for 
units\r\nALTER TABLE units ENABLE ROW LEVEL SECURITY","ParameterOIDs":null}
2026/03/01 18:19:30 PG Send: {"Type":"Bind","DestinationPortal":"","PreparedStatement":"
","ParameterFormatCodes":null,"Parameters":[],"ResultFormatCodes":[]}
2026/03/01 18:19:30 PG Send: {"Type":"Describe","ObjectType":"P","Name":""}
2026/03/01 18:19:30 PG Send: {"Type":"Execute","Portal":"","MaxRows":0}
2026/03/01 18:19:30 PG Send: {"Type":"Parse","Name":"","Query":"CREATE POLICY \"Users 
can view their company units\"\r\n  ON units FOR SELECT\r\n  USING (company_id::text = 
(auth.jwt() -\u003e 'app_metadata' -\u003e\u003e 'company_id'))","ParameterOIDs":null}
2026/03/01 18:19:30 PG Send: {"Type":"Bind","DestinationPortal":"","PreparedStatement":"
","ParameterFormatCodes":null,"Parameters":[],"ResultFormatCodes":[]}
2026/03/01 18:19:30 PG Send: {"Type":"Describe","ObjectType":"P","Name":""}
2026/03/01 18:19:30 PG Send: {"Type":"Execute","Portal":"","MaxRows":0}
2026/03/01 18:19:30 PG Send: {"Type":"Parse","Name":"","Query":"CREATE POLICY \"Users 
can insert units for their company\"\r\n  ON units FOR INSERT\r\n  WITH CHECK 
(company_id::text = (auth.jwt() -\u003e 'app_metadata' -\u003e\u003e 
'company_id'))","ParameterOIDs":null}
2026/03/01 18:19:30 PG Send: {"Type":"Bind","DestinationPortal":"","PreparedStatement":"
","ParameterFormatCodes":null,"Parameters":[],"ResultFormatCodes":[]}
2026/03/01 18:19:30 PG Send: {"Type":"Describe","ObjectType":"P","Name":""}
2026/03/01 18:19:30 PG Send: {"Type":"Execute","Portal":"","MaxRows":0}
2026/03/01 18:19:30 PG Send: {"Type":"Parse","Name":"","Query":"CREATE POLICY \"Users 
can update their company units\"\r\n  ON units FOR UPDATE\r\n  USING (company_id::text 
= (auth.jwt() -\u003e 'app_metadata' -\u003e\u003e 'company_id'))","ParameterOIDs":null}
2026/03/01 18:19:30 PG Send: {"Type":"Bind","DestinationPortal":"","PreparedStatement":"
","ParameterFormatCodes":null,"Parameters":[],"ResultFormatCodes":[]}
2026/03/01 18:19:30 PG Send: {"Type":"Describe","ObjectType":"P","Name":""}
2026/03/01 18:19:30 PG Send: {"Type":"Execute","Portal":"","MaxRows":0}
2026/03/01 18:19:30 PG Send: {"Type":"Parse","Name":"","Query":"CREATE POLICY \"Users 
can delete their company units\"\r\n  ON units FOR DELETE\r\n  USING (company_id::text 
= (auth.jwt() -\u003e 'app_metadata' -\u003e\u003e 'company_id'))","ParameterOIDs":null}
2026/03/01 18:19:30 PG Send: {"Type":"Bind","DestinationPortal":"","PreparedStatement":"
","ParameterFormatCodes":null,"Parameters":[],"ResultFormatCodes":[]}
2026/03/01 18:19:30 PG Send: {"Type":"Describe","ObjectType":"P","Name":""}
2026/03/01 18:19:30 PG Send: {"Type":"Execute","Portal":"","MaxRows":0}
2026/03/01 18:19:30 PG Send: {"Type":"Parse","Name":"","Query":"-- 
============================================\r\n-- SEED DATA (Optional - for 
testing)\r\n-- ============================================\r\n\r\n-- Create a test 
company\r\nINSERT INTO companies (name, slug, plan, status)\r\nVALUES ('Mercado do 
Vale', 'mercado-do-vale', 'pro', 'active')","ParameterOIDs":null}
2026/03/01 18:19:30 PG Send: {"Type":"Bind","DestinationPortal":"","PreparedStatement":"
","ParameterFormatCodes":null,"Parameters":[],"ResultFormatCodes":[]}
2026/03/01 18:19:30 PG Send: {"Type":"Describe","ObjectType":"P","Name":""}
2026/03/01 18:19:30 PG Send: {"Type":"Execute","Portal":"","MaxRows":0}
2026/03/01 18:19:30 PG Send: {"Type":"Parse","Name":"","Query":"INSERT INTO 
supabase_migrations.schema_migrations(version, name, statements) VALUES($1, $2, 
$3)","ParameterOIDs":[25,25,1009]}
2026/03/01 18:19:30 PG Send: {"Type":"Bind","DestinationPortal":"","PreparedStatement":"
","ParameterFormatCodes":[0,0,1],"Parameters":[{"text":"20260101000000"},{"text":"supaba
se_schema"},{"binary":"0000000100000000000000190000003800000001000000fa2d2d203d3d3d3d3d3
d3d3d3d3d3d3d3d3d3d3d3d3d3d3d3d3d3d3d3d3d3d3d3d3d3d3d3d3d3d3d3d3d3d3d3d3d3d3d0d0a2d2d204
d65726361646f20646f2056616c65202d20537570616261736520446174616261736520536368656d610d0a2
d2d204d756c74692d54656e616e742053616153204172636869746563747572650d0a2d2d203d3d3d3d3d3d3
d3d3d3d3d3d3d3d3d3d3d3d3d3d3d3d3d3d3d3d3d3d3d3d3d3d3d3d3d3d3d3d3d3d3d3d3d3d0d0a0d0a2d2d2
0456e61626c65205555494420657874656e73696f6e0d0a43524541544520455854454e53494f4e204946204
e4f54204558495354532022757569642d6f737370220000013d2d2d203d3d3d3d3d3d3d3d3d3d3d3d3d3d3d3
d3d3d3d3d3d3d3d3d3d3d3d3d3d3d3d3d3d3d3d3d3d3d3d3d3d3d3d3d0d0a2d2d2048454c5045522046554e4
354494f4e530d0a2d2d203d3d3d3d3d3d3d3d3d3d3d3d3d3d3d3d3d3d3d3d3d3d3d3d3d3d3d3d3d3d3d3d3d3
d3d3d3d3d3d3d3d3d3d3d0d0a0d0a2d2d2046756e6374696f6e20746f2075706461746520757064617465645
f61742074696d657374616d700d0a435245415445204f52205245504c4143452046554e4354494f4e2075706
46174655f757064617465645f61745f636f6c756d6e28290d0a52455455524e5320545249474745522041532
024240d0a424547494e0d0a20204e45572e757064617465645f6174203d204e4f5728293b0d0a20205245545
5524e204e45573b0d0a454e443b0d0a2424204c414e475541474520706c706773716c000002002d2d203d3d3
d3d3d3d3d3d3d3d3d3d3d3d3d3d3d3d3d3d3d3d3d3d3d3d3d3d3d3d3d3d3d3d3d3d3d3d3d3d3d3d3d3d0d0a2
d2d205441424c453a20636f6d70616e696573202854656e616e7473290d0a2d2d203d3d3d3d3d3d3d3d3d3d3
d3d3d3d3d3d3d3d3d3d3d3d3d3d3d3d3d3d3d3d3d3d3d3d3d3d3d3d3d3d3d3d3d3d0d0a0d0a4352454154452
05441424c4520636f6d70616e69657320280d0a202069642055554944205052494d415259204b45592044454
641554c5420757569645f67656e65726174655f763428292c0d0a20206e616d652054455854204e4f54204e5
54c4c2c0d0a2020736c7567205445585420554e49515545204e4f54204e554c4c2c0d0a2020706c616e20544
55854204e4f54204e554c4c2044454641554c54202766726565272c202d2d20667265652c2070726f2c20656
e74657270726973650d0a20207374617475732054455854204e4f54204e554c4c2044454641554c542027616
374697665272c202d2d206163746976652c2073757370656e6465642c2063616e63656c6c65640d0a2020736
57474696e6773204a534f4e422044454641554c5420277b7d272c0d0a2020637265617465645f61742054494
d455354414d50545a2044454641554c54204e4f5728292c0d0a2020757064617465645f61742054494d45535
4414d50545a2044454641554c54204e4f5728290d0a290000008743524541544520545249474745522075706
46174655f636f6d70616e6965735f757064617465645f61740d0a20204245464f524520555044415445204f4
e20636f6d70616e6965730d0a2020464f52204541434820524f570d0a2020455845435554452046554e43544
94f4e207570646174655f757064617465645f61745f636f6c756d6e2829000002032d2d203d3d3d3d3d3d3d3
d3d3d3d3d3d3d3d3d3d3d3d3d3d3d3d3d3d3d3d3d3d3d3d3d3d3d3d3d3d3d3d3d3d3d3d3d0d0a2d2d2054414
24c453a20757365725f636f6d70616e6965732028557365722d436f6d70616e792052656c6174696f6e73686
970290d0a2d2d203d3d3d3d3d3d3d3d3d3d3d3d3d3d3d3d3d3d3d3d3d3d3d3d3d3d3d3d3d3d3d3d3d3d3d3d3
d3d3d3d3d3d3d3d0d0a0d0a435245415445205441424c4520757365725f636f6d70616e69657320280d0a202
069642055554944205052494d415259204b45592044454641554c5420757569645f67656e65726174655f763
428292c0d0a2020757365725f69642055554944204e4f54204e554c4c205245464552454e434553206175746
82e757365727328696429204f4e2044454c45544520434153434144452c0d0a2020636f6d70616e795f69642
055554944204e4f54204e554c4c205245464552454e43455320636f6d70616e69657328696429204f4e20444
54c45544520434153434144452c0d0a2020726f6c652054455854204e4f54204e554c4c2044454641554c542
0276d656d626572272c202d2d206f776e65722c2061646d696e2c206d656d6265720d0a20206372656174656
45f61742054494d455354414d50545a2044454641554c54204e4f5728292c0d0a2020554e495155452875736
5725f69642c20636f6d70616e795f6964290d0a290000004243524541544520494e444558206964785f75736
5725f636f6d70616e6965735f757365725f6964204f4e20757365725f636f6d70616e69657328757365725f6
964290000004843524541544520494e444558206964785f757365725f636f6d70616e6965735f636f6d70616
e795f6964204f4e20757365725f636f6d70616e69657328636f6d70616e795f696429000001d42d2d203d3d3
d3d3d3d3d3d3d3d3d3d3d3d3d3d3d3d3d3d3d3d3d3d3d3d3d3d3d3d3d3d3d3d3d3d3d3d3d3d3d3d3d3d0d0a2
d2d205441424c453a2063617465676f726965730d0a2d2d203d3d3d3d3d3d3d3d3d3d3d3d3d3d3d3d3d3d3d3
d3d3d3d3d3d3d3d3d3d3d3d3d3d3d3d3d3d3d3d3d3d3d3d3d0d0a0d0a435245415445205441424c452063617
465676f7269657320280d0a202069642055554944205052494d415259204b45592044454641554c542075756
9645f67656e65726174655f763428292c0d0a2020636f6d70616e795f69642055554944204e4f54204e554c4
c205245464552454e43455320636f6d70616e69657328696429204f4e2044454c45544520434153434144452
c0d0a20206e616d652054455854204e4f54204e554c4c2c0d0a2020736c75672054455854204e4f54204e554
c4c2c0d0a2020636f6e666967204a534f4e42204e4f54204e554c4c2044454641554c5420277b7d272c0d0a2
020637265617465645f61742054494d455354414d50545a2044454641554c54204e4f5728292c0d0a2020757
064617465645f61742054494d455354414d50545a2044454641554c54204e4f5728292c0d0a2020554e49515
54528636f6d70616e795f69642c20736c7567290d0a290000004043524541544520494e444558206964785f6
3617465676f726965735f636f6d70616e795f6964204f4e2063617465676f7269657328636f6d70616e795f6
96429000000894352454154452054524947474552207570646174655f63617465676f726965735f757064617
465645f61740d0a20204245464f524520555044415445204f4e2063617465676f726965730d0a2020464f522
04541434820524f570d0a2020455845435554452046554e4354494f4e207570646174655f757064617465645
f61745f636f6c756d6e2829000000472d2d20524c5320666f722063617465676f726965730d0a414c5445522
05441424c452063617465676f7269657320454e41424c4520524f57204c4556454c205345435552495459000
000a143524541544520504f4c494359202255736572732063616e207669657720746865697220636f6d70616
e792063617465676f72696573220d0a20204f4e2063617465676f7269657320464f522053454c4543540d0a2
0205553494e472028636f6d70616e795f69643a3a74657874203d2028617574682e6a77742829202d3e20276
170705f6d6574616461746127202d3e3e2027636f6d70616e795f6964272929000000ac43524541544520504
f4c494359202255736572732063616e20696e736572742063617465676f7269657320666f722074686569722
0636f6d70616e79220d0a20204f4e2063617465676f7269657320464f5220494e534552540d0a20205749544
820434845434b2028636f6d70616e795f69643a3a74657874203d2028617574682e6a77742829202d3e20276
170705f6d6574616461746127202d3e3e2027636f6d70616e795f6964272929000000a343524541544520504
f4c494359202255736572732063616e2075706461746520746865697220636f6d70616e792063617465676f7
2696573220d0a20204f4e2063617465676f7269657320464f52205550444154450d0a20205553494e4720286
36f6d70616e795f69643a3a74657874203d2028617574682e6a77742829202d3e20276170705f6d657461646
1746127202d3e3e2027636f6d70616e795f6964272929000000a343524541544520504f4c494359202255736
572732063616e2064656c65746520746865697220636f6d70616e792063617465676f72696573220d0a20204
f4e2063617465676f7269657320464f522044454c4554450d0a20205553494e472028636f6d70616e795f696
43a3a74657874203d2028617574682e6a77742829202d3e20276170705f6d6574616461746127202d3e3e202
7636f6d70616e795f6964272929000001a52d2d203d3d3d3d3d3d3d3d3d3d3d3d3d3d3d3d3d3d3d3d3d3d3d3
d3d3d3d3d3d3d3d3d3d3d3d3d3d3d3d3d3d3d3d3d0d0a2d2d205441424c453a206272616e64730d0a2d2d203
d3d3d3d3d3d3d3d3d3d3d3d3d3d3d3d3d3d3d3d3d3d3d3d3d3d3d3d3d3d3d3d3d3d3d3d3d3d3d3d3d3d3d3d0
d0a0d0a435245415445205441424c45206272616e647320280d0a202069642055554944205052494d4152592
04b45592044454641554c5420757569645f67656e65726174655f763428292c0d0a2020636f6d70616e795f6
9642055554944204e4f54204e554c4c205245464552454e43455320636f6d70616e69657328696429204f4e2
044454c45544520434153434144452c0d0a20206e616d652054455854204e4f54204e554c4c2c0d0a2020736
c75672054455854204e4f54204e554c4c2c0d0a2020637265617465645f61742054494d455354414d50545a2
044454641554c54204e4f5728292c0d0a2020757064617465645f61742054494d455354414d50545a2044454
641554c54204e4f5728292c0d0a2020554e4951554528636f6d70616e795f69642c20736c7567290d0a29000
0003843524541544520494e444558206964785f6272616e64735f636f6d70616e795f6964204f4e206272616
e647328636f6d70616e795f696429000000814352454154452054524947474552207570646174655f6272616
e64735f757064617465645f61740d0a20204245464f524520555044415445204f4e206272616e64730d0a202
0464f52204541434820524f570d0a2020455845435554452046554e4354494f4e207570646174655f7570646
17465645f61745f636f6c756d6e28290000003f2d2d20524c5320666f72206272616e64730d0a414c5445522
05441424c45206272616e647320454e41424c4520524f57204c4556454c20534543555249545900000099435
24541544520504f4c494359202255736572732063616e207669657720746865697220636f6d70616e7920627
2616e6473220d0a20204f4e206272616e647320464f522053454c4543540d0a20205553494e472028636f6d7
0616e795f69643a3a74657874203d2028617574682e6a77742829202d3e20276170705f6d657461646174612
7202d3e3e2027636f6d70616e795f6964272929000000a443524541544520504f4c494359202255736572732
063616e20696e73657274206272616e647320666f7220746865697220636f6d70616e79220d0a20204f4e206
272616e647320464f5220494e534552540d0a20205749544820434845434b2028636f6d70616e795f69643a3
a74657874203d2028617574682e6a77742829202d3e20276170705f6d6574616461746127202d3e3e2027636
f6d70616e795f69642729290000009b43524541544520504f4c494359202255736572732063616e207570646
1746520746865697220636f6d70616e79206272616e6473220d0a20204f4e206272616e647320464f5220555
0444154450d0a20205553494e472028636f6d70616e795f69643a3a74657874203d2028617574682e6a77742
829202d3e20276170705f6d6574616461746127202d3e3e2027636f6d70616e795f69642729290000009b435
24541544520504f4c494359202255736572732063616e2064656c65746520746865697220636f6d70616e792
06272616e6473220d0a20204f4e206272616e647320464f522044454c4554450d0a20205553494e472028636
f6d70616e795f69643a3a74657874203d2028617574682e6a77742829202d3e20276170705f6d65746164617
46127202d3e3e2027636f6d70616e795f6964272929000001f22d2d203d3d3d3d3d3d3d3d3d3d3d3d3d3d3d3
d3d3d3d3d3d3d3d3d3d3d3d3d3d3d3d3d3d3d3d3d3d3d3d3d3d3d3d3d0d0a2d2d205441424c453a206d6f646
56c730d0a2d2d203d3d3d3d3d3d3d3d3d3d3d3d3d3d3d3d3d3d3d3d3d3d3d3d3d3d3d3d3d3d3d3d3d3d3d3d3
d3d3d3d3d3d3d3d0d0a0d0a435245415445205441424c45206d6f64656c7320280d0a2020696420555549442
05052494d415259204b45592044454641554c5420757569645f67656e65726174655f763428292c0d0a20206
36f6d70616e795f69642055554944204e4f54204e554c4c205245464552454e43455320636f6d70616e69657
328696429204f4e2044454c45544520434153434144452c0d0a20206272616e645f69642055554944204e4f5
4204e554c4c205245464552454e434553206272616e647328696429204f4e2044454c4554452043415343414
4452c0d0a20206e616d652054455854204e4f54204e554c4c2c0d0a2020736c75672054455854204e4f54204
e554c4c2c0d0a2020637265617465645f61742054494d455354414d50545a2044454641554c54204e4f57282
92c0d0a2020757064617465645f61742054494d455354414d50545a2044454641554c54204e4f5728292c0d0
a2020554e4951554528636f6d70616e795f69642c206272616e645f69642c20736c7567290d0a29000000384
3524541544520494e444558206964785f6d6f64656c735f636f6d70616e795f6964204f4e206d6f64656c732
8636f6d70616e795f6964290000003443524541544520494e444558206964785f6d6f64656c735f6272616e6
45f6964204f4e206d6f64656c73286272616e645f69642900000081435245415445205452494747455220757
0646174655f6d6f64656c735f757064617465645f61740d0a20204245464f524520555044415445204f4e206
d6f64656c730d0a2020464f52204541434820524f570d0a2020455845435554452046554e4354494f4e20757
0646174655f757064617465645f61745f636f6c756d6e28290000003f2d2d20524c5320666f72206d6f64656
c730d0a414c544552205441424c45206d6f64656c7320454e41424c4520524f57204c4556454c20534543555
24954590000009943524541544520504f4c494359202255736572732063616e2076696577207468656972206
36f6d70616e79206d6f64656c73220d0a20204f4e206d6f64656c7320464f522053454c4543540d0a2020555
3494e472028636f6d70616e795f69643a3a74657874203d2028617574682e6a77742829202d3e20276170705
f6d6574616461746127202d3e3e2027636f6d70616e795f6964272929000000a443524541544520504f4c494
359202255736572732063616e20696e73657274206d6f64656c7320666f7220746865697220636f6d70616e7
9220d0a20204f4e206d6f64656c7320464f5220494e534552540d0a20205749544820434845434b2028636f6
d70616e795f69643a3a74657874203d2028617574682e6a77742829202d3e20276170705f6d6574616461746
127202d3e3e2027636f6d70616e795f69642729290000009b43524541544520504f4c4943592022557365727
32063616e2075706461746520746865697220636f6d70616e79206d6f64656c73220d0a20204f4e206d6f646
56c7320464f52205550444154450d0a20205553494e472028636f6d70616e795f69643a3a74657874203d202
8617574682e6a77742829202d3e20276170705f6d6574616461746127202d3e3e2027636f6d70616e795f696
42729290000009b43524541544520504f4c494359202255736572732063616e2064656c65746520746865697
220636f6d70616e79206d6f64656c73220d0a20204f4e206d6f64656c7320464f522044454c4554450d0a202
05553494e472028636f6d70616e795f69643a3a74657874203d2028617574682e6a77742829202d3e2027617
0705f6d6574616461746127202d3e3e2027636f6d70616e795f6964272929000004862d2d203d3d3d3d3d3d3
d3d3d3d3d3d3d3d3d3d3d3d3d3d3d3d3d3d3d3d3d3d3d3d3d3d3d3d3d3d3d3d3d3d3d3d3d3d0d0a2d2d20544
1424c453a2070726f64756374730d0a2d2d203d3d3d3d3d3d3d3d3d3d3d3d3d3d3d3d3d3d3d3d3d3d3d3d3d3
d3d3d3d3d3d3d3d3d3d3d3d3d3d3d3d3d3d3d0d0a0d0a435245415445205441424c452070726f64756374732
0280d0a202069642055554944205052494d415259204b45592044454641554c5420757569645f67656e65726
174655f763428292c0d0a2020636f6d70616e795f69642055554944204e4f54204e554c4c205245464552454
e43455320636f6d70616e69657328696429204f4e2044454c45544520434153434144452c0d0a20206361746
5676f72795f69642055554944204e4f54204e554c4c205245464552454e4345532063617465676f726965732
8696429204f4e2044454c4554452052455354524943542c0d0a20206272616e645f696420555549442052454
64552454e434553206272616e647328696429204f4e2044454c45544520534554204e554c4c2c0d0a20206d6
f64656c5f69642055554944205245464552454e434553206d6f64656c7328696429204f4e2044454c4554452
0534554204e554c4c2c0d0a20200d0a20202d2d20426173696320496e666f0d0a20206e616d6520544558542
04e4f54204e554c4c2c0d0a2020736b7520544558542c0d0a20206465736372697074696f6e20544558542c0
d0a202065616e20544558542c0d0a2020616c7465726e61746976655f65616e7320544558545b5d204445464
1554c5420277b7d272c0d0a20200d0a20202d2d2053706563696669636174696f6e73202873746f726564206
173204a534f4e4220666f7220666c65786962696c697479290d0a20207370656373204a534f4e42204445464
1554c5420277b7d272c0d0a20200d0a20202d2d2050726963696e67202873746f72656420617320494e54454
745522043454e545320746f2061766f696420666c6f6174696e6720706f696e7420697373756573290d0a202
070726963655f636f737420494e54454745522c0d0a202070726963655f72657461696c20494e54454745522
c0d0a202070726963655f726573656c6c657220494e54454745522c0d0a202070726963655f77686f6c65736
16c6520494e54454745522c0d0a20200d0a20202d2d2046697363616c0d0a20206e636d20544558542c0d0a2
0206365737420544558542c0d0a20206f726967696e20544558542c0d0a20200d0a20202d2d204c6f6769737
46963730d0a20207765696768745f6b6720444543494d414c2831302c33292c0d0a202064696d656e73696f6
e73204a534f4e422c0d0a202073746f636b5f7175616e7469747920494e54454745522044454641554c54203
02c0d0a20200d0a20202d2d204d657461646174610d0a2020637265617465645f61742054494d455354414d5
0545a2044454641554c54204e4f5728292c0d0a2020757064617465645f61742054494d455354414d50545a2
044454641554c54204e4f5728292c0d0a20200d0a2020554e4951554528636f6d70616e795f69642c2065616
e290d0a290000003c43524541544520494e444558206964785f70726f64756374735f636f6d70616e795f696
4204f4e2070726f647563747328636f6d70616e795f6964290000003e43524541544520494e4445582069647
85f70726f64756374735f63617465676f72795f6964204f4e2070726f64756374732863617465676f72795f6
964290000003843524541544520494e444558206964785f70726f64756374735f6272616e645f6964204f4e2
070726f6475637473286272616e645f6964290000003843524541544520494e444558206964785f70726f647
56374735f6d6f64656c5f6964204f4e2070726f6475637473286d6f64656c5f6964290000002e43524541544
520494e444558206964785f70726f64756374735f65616e204f4e2070726f64756374732865616e290000008
54352454154452054524947474552207570646174655f70726f64756374735f757064617465645f61740d0a2
0204245464f524520555044415445204f4e2070726f64756374730d0a2020464f52204541434820524f570d0
a2020455845435554452046554e4354494f4e207570646174655f757064617465645f61745f636f6c756d6e2
829000000432d2d20524c5320666f722070726f64756374730d0a414c544552205441424c452070726f64756
3747320454e41424c4520524f57204c4556454c2053454355524954590000009d43524541544520504f4c494
359202255736572732063616e207669657720746865697220636f6d70616e792070726f6475637473220d0a2
0204f4e2070726f647563747320464f522053454c4543540d0a20205553494e472028636f6d70616e795f696
43a3a74657874203d2028617574682e6a77742829202d3e20276170705f6d6574616461746127202d3e3e202
7636f6d70616e795f6964272929000000a843524541544520504f4c494359202255736572732063616e20696
e736572742070726f647563747320666f7220746865697220636f6d70616e79220d0a20204f4e2070726f647
563747320464f5220494e534552540d0a20205749544820434845434b2028636f6d70616e795f69643a3a746
57874203d2028617574682e6a77742829202d3e20276170705f6d6574616461746127202d3e3e2027636f6d7
0616e795f69642729290000009f43524541544520504f4c494359202255736572732063616e2075706461746
520746865697220636f6d70616e792070726f6475637473220d0a20204f4e2070726f647563747320464f522
05550444154450d0a20205553494e472028636f6d70616e795f69643a3a74657874203d2028617574682e6a7
7742829202d3e20276170705f6d6574616461746127202d3e3e2027636f6d70616e795f69642729290000009
f43524541544520504f4c494359202255736572732063616e2064656c65746520746865697220636f6d70616
e792070726f6475637473220d0a20204f4e2070726f647563747320464f522044454c4554450d0a202055534
94e472028636f6d70616e795f69643a3a74657874203d2028617574682e6a77742829202d3e20276170705f6
d6574616461746127202d3e3e2027636f6d70616e795f69642729290000029b2d2d203d3d3d3d3d3d3d3d3d3
d3d3d3d3d3d3d3d3d3d3d3d3d3d3d3d3d3d3d3d3d3d3d3d3d3d3d3d3d3d3d3d3d3d3d0d0a2d2d205441424c4
53a20756e6974732028496e76656e746f7279290d0a2d2d203d3d3d3d3d3d3d3d3d3d3d3d3d3d3d3d3d3d3d3
d3d3d3d3d3d3d3d3d3d3d3d3d3d3d3d3d3d3d3d3d3d3d3d3d0d0a0d0a435245415445205441424c4520756e6
9747320280d0a202069642055554944205052494d415259204b45592044454641554c5420757569645f67656
e65726174655f763428292c0d0a2020636f6d70616e795f69642055554944204e4f54204e554c4c205245464
552454e43455320636f6d70616e69657328696429204f4e2044454c45544520434153434144452c0d0a20207
0726f647563745f69642055554944204e4f54204e554c4c205245464552454e4345532070726f64756374732
8696429204f4e2044454c45544520434153434144452c0d0a20200d0a20202d2d204964656e7469666965727
30d0a2020696d65695f3120544558542c0d0a2020696d65695f3220544558542c0d0a202073657269616c205
44558542c0d0a20200d0a20202d2d205374617475730d0a20207374617475732054455854204e4f54204e554
c4c2044454641554c542027617661696c61626c65272c202d2d20617661696c61626c652c20736f6c642c207
2657365727665642c206465666563746976650d0a20200d0a20202d2d20496e7465726e616c204e6f7465730
d0a2020696e7465726e616c5f6e6f74657320544558542c0d0a20200d0a20202d2d204d657461646174610d0
a2020637265617465645f61742054494d455354414d50545a2044454641554c54204e4f5728292c0d0a20207
57064617465645f61742054494d455354414d50545a2044454641554c54204e4f5728290d0a2900000036435
24541544520494e444558206964785f756e6974735f636f6d70616e795f6964204f4e20756e69747328636f6
d70616e795f6964290000003643524541544520494e444558206964785f756e6974735f70726f647563745f6
964204f4e20756e6974732870726f647563745f6964290000002e43524541544520494e444558206964785f7
56e6974735f696d65695f31204f4e20756e69747328696d65695f31290000002e43524541544520494e44455
8206964785f756e6974735f73657269616c204f4e20756e6974732873657269616c290000007f43524541544
52054524947474552207570646174655f756e6974735f757064617465645f61740d0a20204245464f5245205
55044415445204f4e20756e6974730d0a2020464f52204541434820524f570d0a20204558454355544520465
54e4354494f4e207570646174655f757064617465645f61745f636f6c756d6e28290000003d2d2d20524c532
0666f7220756e6974730d0a414c544552205441424c4520756e69747320454e41424c4520524f57204c45564
54c2053454355524954590000009743524541544520504f4c494359202255736572732063616e20766965772
0746865697220636f6d70616e7920756e697473220d0a20204f4e20756e69747320464f522053454c4543540
d0a20205553494e472028636f6d70616e795f69643a3a74657874203d2028617574682e6a77742829202d3e2
0276170705f6d6574616461746127202d3e3e2027636f6d70616e795f6964272929000000a24352454154452
0504f4c494359202255736572732063616e20696e7365727420756e69747320666f7220746865697220636f6
d70616e79220d0a20204f4e20756e69747320464f5220494e534552540d0a20205749544820434845434b202
8636f6d70616e795f69643a3a74657874203d2028617574682e6a77742829202d3e20276170705f6d6574616
461746127202d3e3e2027636f6d70616e795f69642729290000009943524541544520504f4c4943592022557
36572732063616e2075706461746520746865697220636f6d70616e7920756e697473220d0a20204f4e20756
e69747320464f52205550444154450d0a20205553494e472028636f6d70616e795f69643a3a74657874203d2
028617574682e6a77742829202d3e20276170705f6d6574616461746127202d3e3e2027636f6d70616e795f6
9642729290000009943524541544520504f4c494359202255736572732063616e2064656c657465207468656
97220636f6d70616e7920756e697473220d0a20204f4e20756e69747320464f522044454c4554450d0a20205
553494e472028636f6d70616e795f69643a3a74657874203d2028617574682e6a77742829202d3e202761707
05f6d6574616461746127202d3e3e2027636f6d70616e795f6964272929000001152d2d203d3d3d3d3d3d3d3
d3d3d3d3d3d3d3d3d3d3d3d3d3d3d3d3d3d3d3d3d3d3d3d3d3d3d3d3d3d3d3d3d3d3d3d3d0d0a2d2d2053454
544204441544120284f7074696f6e616c202d20666f722074657374696e67290d0a2d2d203d3d3d3d3d3d3d3
d3d3d3d3d3d3d3d3d3d3d3d3d3d3d3d3d3d3d3d3d3d3d3d3d3d3d3d3d3d3d3d3d3d3d3d3d0d0a0d0a2d2d204
372656174652061207465737420636f6d70616e790d0a494e5345525420494e544f20636f6d70616e6965732
0286e616d652c20736c75672c20706c616e2c20737461747573290d0a56414c5545532028274d65726361646
f20646f2056616c65272c20276d65726361646f2d646f2d76616c65272c202770726f272c202761637469766
52729"}],"ResultFormatCodes":[]}
2026/03/01 18:19:30 PG Send: {"Type":"Describe","ObjectType":"P","Name":""}
2026/03/01 18:19:30 PG Send: {"Type":"Execute","Portal":"","MaxRows":0}
2026/03/01 18:19:30 PG Send: {"Type":"Sync"}
2026/03/01 18:19:30 PG Recv: {"Type":"CommandComplete","CommandTag":"CREATE EXTENSION"}
2026/03/01 18:19:30 PG Recv: {"Type":"ParseComplete"}
2026/03/01 18:19:30 PG Recv: {"Type":"BindComplete"}
2026/03/01 18:19:30 PG Recv: {"Type":"NoData"}
2026/03/01 18:19:30 PG Recv: {"Type":"CommandComplete","CommandTag":"CREATE FUNCTION"}
2026/03/01 18:19:30 PG Recv: {"Type":"ParseComplete"}
2026/03/01 18:19:30 PG Recv: {"Type":"BindComplete"}
2026/03/01 18:19:30 PG Recv: {"Type":"NoData"}
2026/03/01 18:19:30 PG Recv: {"Type":"CommandComplete","CommandTag":"CREATE TABLE"}
2026/03/01 18:19:30 PG Recv: {"Type":"ParseComplete"}
2026/03/01 18:19:30 PG Recv: {"Type":"BindComplete"}
2026/03/01 18:19:30 PG Recv: {"Type":"NoData"}
2026/03/01 18:19:30 PG Recv: {"Type":"CommandComplete","CommandTag":"CREATE TRIGGER"}
2026/03/01 18:19:30 PG Recv: {"Type":"ParseComplete"}
2026/03/01 18:19:30 PG Recv: {"Type":"BindComplete"}
2026/03/01 18:19:30 PG Recv: {"Type":"NoData"}
2026/03/01 18:19:30 PG Recv: {"Type":"CommandComplete","CommandTag":"CREATE TABLE"}
2026/03/01 18:19:30 PG Recv: {"Type":"ParseComplete"}
2026/03/01 18:19:30 PG Recv: {"Type":"BindComplete"}
2026/03/01 18:19:30 PG Recv: {"Type":"NoData"}
2026/03/01 18:19:30 PG Recv: {"Type":"CommandComplete","CommandTag":"CREATE INDEX"}
2026/03/01 18:19:30 PG Recv: {"Type":"ParseComplete"}
2026/03/01 18:19:30 PG Recv: {"Type":"BindComplete"}
2026/03/01 18:19:30 PG Recv: {"Type":"NoData"}
2026/03/01 18:19:30 PG Recv: {"Type":"CommandComplete","CommandTag":"CREATE INDEX"}
2026/03/01 18:19:30 PG Recv: {"Type":"ParseComplete"}
2026/03/01 18:19:30 PG Recv: {"Type":"BindComplete"}
2026/03/01 18:19:30 PG Recv: {"Type":"NoData"}
2026/03/01 18:19:30 PG Recv: {"Type":"CommandComplete","CommandTag":"CREATE TABLE"}
2026/03/01 18:19:30 PG Recv: {"Type":"ParseComplete"}
2026/03/01 18:19:30 PG Recv: {"Type":"BindComplete"}
2026/03/01 18:19:30 PG Recv: {"Type":"NoData"}
2026/03/01 18:19:30 PG Recv: {"Type":"CommandComplete","CommandTag":"CREATE INDEX"}
2026/03/01 18:19:30 PG Recv: {"Type":"ParseComplete"}
2026/03/01 18:19:30 PG Recv: {"Type":"BindComplete"}
2026/03/01 18:19:30 PG Recv: {"Type":"NoData"}
2026/03/01 18:19:30 PG Recv: {"Type":"CommandComplete","CommandTag":"CREATE TRIGGER"}
2026/03/01 18:19:30 PG Recv: {"Type":"ParseComplete"}
2026/03/01 18:19:30 PG Recv: {"Type":"BindComplete"}
2026/03/01 18:19:30 PG Recv: {"Type":"NoData"}
2026/03/01 18:19:30 PG Recv: {"Type":"CommandComplete","CommandTag":"ALTER TABLE"}
2026/03/01 18:19:30 PG Recv: {"Type":"ParseComplete"}
2026/03/01 18:19:30 PG Recv: {"Type":"BindComplete"}
2026/03/01 18:19:30 PG Recv: {"Type":"NoData"}
2026/03/01 18:19:30 PG Recv: {"Type":"CommandComplete","CommandTag":"CREATE POLICY"}
2026/03/01 18:19:30 PG Recv: {"Type":"ParseComplete"}
2026/03/01 18:19:30 PG Recv: {"Type":"BindComplete"}
2026/03/01 18:19:30 PG Recv: {"Type":"NoData"}
2026/03/01 18:19:30 PG Recv: {"Type":"CommandComplete","CommandTag":"CREATE POLICY"}
2026/03/01 18:19:30 PG Recv: {"Type":"ParseComplete"}
2026/03/01 18:19:30 PG Recv: {"Type":"BindComplete"}
2026/03/01 18:19:30 PG Recv: {"Type":"NoData"}
2026/03/01 18:19:30 PG Recv: {"Type":"CommandComplete","CommandTag":"CREATE POLICY"}
2026/03/01 18:19:30 PG Recv: {"Type":"ParseComplete"}
2026/03/01 18:19:30 PG Recv: {"Type":"BindComplete"}
2026/03/01 18:19:30 PG Recv: {"Type":"NoData"}
2026/03/01 18:19:30 PG Recv: {"Type":"CommandComplete","CommandTag":"CREATE POLICY"}
2026/03/01 18:19:30 PG Recv: {"Type":"ParseComplete"}
2026/03/01 18:19:30 PG Recv: {"Type":"BindComplete"}
2026/03/01 18:19:30 PG Recv: {"Type":"NoData"}
2026/03/01 18:19:30 PG Recv: {"Type":"CommandComplete","CommandTag":"CREATE TABLE"}
2026/03/01 18:19:30 PG Recv: {"Type":"ParseComplete"}
2026/03/01 18:19:30 PG Recv: {"Type":"BindComplete"}
2026/03/01 18:19:30 PG Recv: {"Type":"NoData"}
2026/03/01 18:19:30 PG Recv: {"Type":"CommandComplete","CommandTag":"CREATE INDEX"}
2026/03/01 18:19:30 PG Recv: {"Type":"ParseComplete"}
2026/03/01 18:19:30 PG Recv: {"Type":"BindComplete"}
2026/03/01 18:19:30 PG Recv: {"Type":"NoData"}
2026/03/01 18:19:30 PG Recv: {"Type":"CommandComplete","CommandTag":"CREATE TRIGGER"}
2026/03/01 18:19:30 PG Recv: {"Type":"ParseComplete"}
2026/03/01 18:19:30 PG Recv: {"Type":"BindComplete"}
2026/03/01 18:19:30 PG Recv: {"Type":"NoData"}
2026/03/01 18:19:30 PG Recv: {"Type":"CommandComplete","CommandTag":"ALTER TABLE"}
2026/03/01 18:19:30 PG Recv: {"Type":"ParseComplete"}
2026/03/01 18:19:30 PG Recv: {"Type":"BindComplete"}
2026/03/01 18:19:30 PG Recv: {"Type":"NoData"}
2026/03/01 18:19:30 PG Recv: {"Type":"CommandComplete","CommandTag":"CREATE POLICY"}
2026/03/01 18:19:30 PG Recv: {"Type":"ParseComplete"}
2026/03/01 18:19:30 PG Recv: {"Type":"BindComplete"}
2026/03/01 18:19:30 PG Recv: {"Type":"NoData"}
2026/03/01 18:19:30 PG Recv: {"Type":"CommandComplete","CommandTag":"CREATE POLICY"}
2026/03/01 18:19:30 PG Recv: {"Type":"ParseComplete"}
2026/03/01 18:19:30 PG Recv: {"Type":"BindComplete"}
2026/03/01 18:19:30 PG Recv: {"Type":"NoData"}
2026/03/01 18:19:30 PG Recv: {"Type":"CommandComplete","CommandTag":"CREATE POLICY"}
2026/03/01 18:19:30 PG Recv: {"Type":"ParseComplete"}
2026/03/01 18:19:30 PG Recv: {"Type":"BindComplete"}
2026/03/01 18:19:30 PG Recv: {"Type":"NoData"}
2026/03/01 18:19:30 PG Recv: {"Type":"CommandComplete","CommandTag":"CREATE POLICY"}
2026/03/01 18:19:30 PG Recv: {"Type":"ParseComplete"}
2026/03/01 18:19:30 PG Recv: {"Type":"BindComplete"}
2026/03/01 18:19:30 PG Recv: {"Type":"NoData"}
2026/03/01 18:19:30 PG Recv: {"Type":"CommandComplete","CommandTag":"CREATE TABLE"}
2026/03/01 18:19:30 PG Recv: {"Type":"ParseComplete"}
2026/03/01 18:19:30 PG Recv: {"Type":"BindComplete"}
2026/03/01 18:19:30 PG Recv: {"Type":"NoData"}
2026/03/01 18:19:30 PG Recv: {"Type":"CommandComplete","CommandTag":"CREATE INDEX"}
2026/03/01 18:19:30 PG Recv: {"Type":"ParseComplete"}
2026/03/01 18:19:30 PG Recv: {"Type":"BindComplete"}
2026/03/01 18:19:30 PG Recv: {"Type":"NoData"}
2026/03/01 18:19:30 PG Recv: {"Type":"CommandComplete","CommandTag":"CREATE INDEX"}
2026/03/01 18:19:30 PG Recv: {"Type":"ParseComplete"}
2026/03/01 18:19:30 PG Recv: {"Type":"BindComplete"}
2026/03/01 18:19:30 PG Recv: {"Type":"NoData"}
2026/03/01 18:19:30 PG Recv: {"Type":"CommandComplete","CommandTag":"CREATE TRIGGER"}
2026/03/01 18:19:30 PG Recv: {"Type":"ParseComplete"}
2026/03/01 18:19:30 PG Recv: {"Type":"BindComplete"}
2026/03/01 18:19:30 PG Recv: {"Type":"NoData"}
2026/03/01 18:19:30 PG Recv: {"Type":"CommandComplete","CommandTag":"ALTER TABLE"}
2026/03/01 18:19:30 PG Recv: {"Type":"ParseComplete"}
2026/03/01 18:19:30 PG Recv: {"Type":"BindComplete"}
2026/03/01 18:19:30 PG Recv: {"Type":"NoData"}
2026/03/01 18:19:30 PG Recv: {"Type":"CommandComplete","CommandTag":"CREATE POLICY"}
2026/03/01 18:19:30 PG Recv: {"Type":"ParseComplete"}
2026/03/01 18:19:30 PG Recv: {"Type":"BindComplete"}
2026/03/01 18:19:30 PG Recv: {"Type":"NoData"}
2026/03/01 18:19:30 PG Recv: {"Type":"CommandComplete","CommandTag":"CREATE POLICY"}
2026/03/01 18:19:30 PG Recv: {"Type":"ParseComplete"}
2026/03/01 18:19:30 PG Recv: {"Type":"BindComplete"}
2026/03/01 18:19:30 PG Recv: {"Type":"NoData"}
2026/03/01 18:19:30 PG Recv: {"Type":"CommandComplete","CommandTag":"CREATE POLICY"}
2026/03/01 18:19:30 PG Recv: {"Type":"ParseComplete"}
2026/03/01 18:19:30 PG Recv: {"Type":"BindComplete"}
2026/03/01 18:19:30 PG Recv: {"Type":"NoData"}
2026/03/01 18:19:30 PG Recv: {"Type":"CommandComplete","CommandTag":"CREATE POLICY"}
2026/03/01 18:19:30 PG Recv: {"Type":"ParseComplete"}
2026/03/01 18:19:30 PG Recv: {"Type":"BindComplete"}
2026/03/01 18:19:30 PG Recv: {"Type":"NoData"}
2026/03/01 18:19:30 PG Recv: {"Type":"CommandComplete","CommandTag":"CREATE TABLE"}
2026/03/01 18:19:30 PG Recv: {"Type":"ParseComplete"}
2026/03/01 18:19:30 PG Recv: {"Type":"BindComplete"}
2026/03/01 18:19:30 PG Recv: {"Type":"NoData"}
2026/03/01 18:19:30 PG Recv: {"Type":"CommandComplete","CommandTag":"CREATE INDEX"}
2026/03/01 18:19:30 PG Recv: {"Type":"ParseComplete"}
2026/03/01 18:19:30 PG Recv: {"Type":"BindComplete"}
2026/03/01 18:19:30 PG Recv: {"Type":"NoData"}
2026/03/01 18:19:30 PG Recv: {"Type":"CommandComplete","CommandTag":"CREATE INDEX"}
2026/03/01 18:19:30 PG Recv: {"Type":"ParseComplete"}
2026/03/01 18:19:30 PG Recv: {"Type":"BindComplete"}
2026/03/01 18:19:30 PG Recv: {"Type":"NoData"}
2026/03/01 18:19:30 PG Recv: {"Type":"CommandComplete","CommandTag":"CREATE INDEX"}
2026/03/01 18:19:30 PG Recv: {"Type":"ParseComplete"}
2026/03/01 18:19:30 PG Recv: {"Type":"BindComplete"}
2026/03/01 18:19:30 PG Recv: {"Type":"NoData"}
2026/03/01 18:19:30 PG Recv: {"Type":"CommandComplete","CommandTag":"CREATE INDEX"}
2026/03/01 18:19:30 PG Recv: {"Type":"ParseComplete"}
2026/03/01 18:19:30 PG Recv: {"Type":"BindComplete"}
2026/03/01 18:19:30 PG Recv: {"Type":"NoData"}
2026/03/01 18:19:30 PG Recv: {"Type":"CommandComplete","CommandTag":"CREATE INDEX"}
2026/03/01 18:19:30 PG Recv: {"Type":"ParseComplete"}
2026/03/01 18:19:30 PG Recv: {"Type":"BindComplete"}
2026/03/01 18:19:30 PG Recv: {"Type":"NoData"}
2026/03/01 18:19:30 PG Recv: {"Type":"CommandComplete","CommandTag":"CREATE TRIGGER"}
2026/03/01 18:19:30 PG Recv: {"Type":"ParseComplete"}
2026/03/01 18:19:30 PG Recv: {"Type":"BindComplete"}
2026/03/01 18:19:30 PG Recv: {"Type":"NoData"}
2026/03/01 18:19:30 PG Recv: {"Type":"CommandComplete","CommandTag":"ALTER TABLE"}
2026/03/01 18:19:30 PG Recv: {"Type":"ParseComplete"}
2026/03/01 18:19:30 PG Recv: {"Type":"BindComplete"}
2026/03/01 18:19:30 PG Recv: {"Type":"NoData"}
2026/03/01 18:19:30 PG Recv: {"Type":"CommandComplete","CommandTag":"CREATE POLICY"}
2026/03/01 18:19:30 PG Recv: {"Type":"ParseComplete"}
2026/03/01 18:19:30 PG Recv: {"Type":"BindComplete"}
2026/03/01 18:19:30 PG Recv: {"Type":"NoData"}
2026/03/01 18:19:30 PG Recv: {"Type":"CommandComplete","CommandTag":"CREATE POLICY"}
2026/03/01 18:19:30 PG Recv: {"Type":"ParseComplete"}
2026/03/01 18:19:30 PG Recv: {"Type":"BindComplete"}
2026/03/01 18:19:30 PG Recv: {"Type":"NoData"}
2026/03/01 18:19:30 PG Recv: {"Type":"CommandComplete","CommandTag":"CREATE POLICY"}
2026/03/01 18:19:30 PG Recv: {"Type":"ParseComplete"}
2026/03/01 18:19:30 PG Recv: {"Type":"BindComplete"}
2026/03/01 18:19:30 PG Recv: {"Type":"NoData"}
2026/03/01 18:19:30 PG Recv: {"Type":"CommandComplete","CommandTag":"CREATE POLICY"}
2026/03/01 18:19:30 PG Recv: {"Type":"ParseComplete"}
2026/03/01 18:19:30 PG Recv: {"Type":"BindComplete"}
2026/03/01 18:19:30 PG Recv: {"Type":"NoData"}
2026/03/01 18:19:30 PG Recv: {"Type":"CommandComplete","CommandTag":"CREATE TABLE"}
2026/03/01 18:19:30 PG Recv: {"Type":"ParseComplete"}
2026/03/01 18:19:30 PG Recv: {"Type":"BindComplete"}
2026/03/01 18:19:30 PG Recv: {"Type":"NoData"}
2026/03/01 18:19:30 PG Recv: {"Type":"CommandComplete","CommandTag":"CREATE INDEX"}
2026/03/01 18:19:30 PG Recv: {"Type":"ParseComplete"}
2026/03/01 18:19:30 PG Recv: {"Type":"BindComplete"}
2026/03/01 18:19:30 PG Recv: {"Type":"NoData"}
2026/03/01 18:19:30 PG Recv: {"Type":"CommandComplete","CommandTag":"CREATE INDEX"}
2026/03/01 18:19:30 PG Recv: {"Type":"ParseComplete"}
2026/03/01 18:19:30 PG Recv: {"Type":"BindComplete"}
2026/03/01 18:19:30 PG Recv: {"Type":"NoData"}
2026/03/01 18:19:30 PG Recv: {"Type":"CommandComplete","CommandTag":"CREATE INDEX"}
2026/03/01 18:19:30 PG Recv: {"Type":"ParseComplete"}
2026/03/01 18:19:30 PG Recv: {"Type":"BindComplete"}
2026/03/01 18:19:30 PG Recv: {"Type":"NoData"}
2026/03/01 18:19:30 PG Recv: {"Type":"CommandComplete","CommandTag":"CREATE INDEX"}
2026/03/01 18:19:30 PG Recv: {"Type":"ParseComplete"}
2026/03/01 18:19:30 PG Recv: {"Type":"BindComplete"}
2026/03/01 18:19:30 PG Recv: {"Type":"NoData"}
2026/03/01 18:19:30 PG Recv: {"Type":"CommandComplete","CommandTag":"CREATE TRIGGER"}
2026/03/01 18:19:30 PG Recv: {"Type":"ParseComplete"}
2026/03/01 18:19:30 PG Recv: {"Type":"BindComplete"}
2026/03/01 18:19:30 PG Recv: {"Type":"NoData"}
2026/03/01 18:19:30 PG Recv: {"Type":"CommandComplete","CommandTag":"ALTER TABLE"}
2026/03/01 18:19:30 PG Recv: {"Type":"ParseComplete"}
2026/03/01 18:19:30 PG Recv: {"Type":"BindComplete"}
2026/03/01 18:19:30 PG Recv: {"Type":"NoData"}
2026/03/01 18:19:30 PG Recv: {"Type":"CommandComplete","CommandTag":"CREATE POLICY"}
2026/03/01 18:19:30 PG Recv: {"Type":"ParseComplete"}
2026/03/01 18:19:30 PG Recv: {"Type":"BindComplete"}
2026/03/01 18:19:30 PG Recv: {"Type":"NoData"}
2026/03/01 18:19:30 PG Recv: {"Type":"CommandComplete","CommandTag":"CREATE POLICY"}
2026/03/01 18:19:30 PG Recv: {"Type":"ParseComplete"}
2026/03/01 18:19:30 PG Recv: {"Type":"BindComplete"}
2026/03/01 18:19:30 PG Recv: {"Type":"NoData"}
2026/03/01 18:19:30 PG Recv: {"Type":"CommandComplete","CommandTag":"CREATE POLICY"}
2026/03/01 18:19:30 PG Recv: {"Type":"ParseComplete"}
2026/03/01 18:19:30 PG Recv: {"Type":"BindComplete"}
2026/03/01 18:19:30 PG Recv: {"Type":"NoData"}
2026/03/01 18:19:30 PG Recv: {"Type":"CommandComplete","CommandTag":"CREATE POLICY"}
2026/03/01 18:19:30 PG Recv: {"Type":"ParseComplete"}
2026/03/01 18:19:30 PG Recv: {"Type":"BindComplete"}
2026/03/01 18:19:30 PG Recv: {"Type":"NoData"}
2026/03/01 18:19:30 PG Recv: {"Type":"CommandComplete","CommandTag":"INSERT 0 1"}
2026/03/01 18:19:30 PG Recv: {"Type":"ParseComplete"}
2026/03/01 18:19:30 PG Recv: {"Type":"BindComplete"}
2026/03/01 18:19:30 PG Recv: {"Type":"NoData"}
2026/03/01 18:19:30 PG Recv: {"Type":"CommandComplete","CommandTag":"INSERT 0 1"}
2026/03/01 18:19:30 PG Recv: {"Type":"ReadyForQuery","TxStatus":"I"}
Applying migration 20260201000001_add_brand_model_columns.sql...
2026/03/01 18:19:30 PG Send: {"Type":"Query","String":"RESET ALL"}
2026/03/01 18:19:30 PG Recv: {"Type":"CommandComplete","CommandTag":"RESET"}
2026/03/01 18:19:30 PG Recv: {"Type":"ReadyForQuery","TxStatus":"I"}
2026/03/01 18:19:30 PG Send: {"Type":"Parse","Name":"","Query":"-- 
============================================\r\n-- MIGRATION: Adicionar colunas brand e 
model\r\n-- ============================================\r\n-- Data: 2026-02-01\r\n-- 
Descri├º├úo: Adiciona colunas brand e model como TEXT\r\n--            e migra dados de 
specs para as novas colunas\r\n\r\n-- Adicionar colunas brand e model\r\nALTER TABLE 
products \r\nADD COLUMN IF NOT EXISTS brand TEXT,\r\nADD COLUMN IF NOT EXISTS model 
TEXT,\r\nADD COLUMN IF NOT EXISTS images JSONB DEFAULT 
'[]'::jsonb","ParameterOIDs":null}
2026/03/01 18:19:30 PG Send: {"Type":"Bind","DestinationPortal":"","PreparedStatement":"
","ParameterFormatCodes":null,"Parameters":[],"ResultFormatCodes":[]}
2026/03/01 18:19:30 PG Send: {"Type":"Describe","ObjectType":"P","Name":""}
2026/03/01 18:19:30 PG Send: {"Type":"Execute","Portal":"","MaxRows":0}
2026/03/01 18:19:30 PG Send: {"Type":"Parse","Name":"","Query":"-- Migrar dados 
existentes de specs para as novas colunas\r\nUPDATE products \r\nSET \r\n    brand = 
specs-\u003e\u003e'brand',\r\n    model = specs-\u003e\u003e'model'\r\nWHERE specs IS 
NOT NULL","ParameterOIDs":null}
2026/03/01 18:19:30 PG Send: {"Type":"Bind","DestinationPortal":"","PreparedStatement":"
","ParameterFormatCodes":null,"Parameters":[],"ResultFormatCodes":[]}
2026/03/01 18:19:30 PG Send: {"Type":"Describe","ObjectType":"P","Name":""}
2026/03/01 18:19:30 PG Send: {"Type":"Execute","Portal":"","MaxRows":0}
2026/03/01 18:19:30 PG Send: {"Type":"Parse","Name":"","Query":"-- Adicionar 
coment├írios\r\nCOMMENT ON COLUMN products.brand IS 'Nome da marca do produto (ex: 
Apple, Samsung)'","ParameterOIDs":null}
2026/03/01 18:19:30 PG Send: {"Type":"Bind","DestinationPortal":"","PreparedStatement":"
","ParameterFormatCodes":null,"Parameters":[],"ResultFormatCodes":[]}
2026/03/01 18:19:30 PG Send: {"Type":"Describe","ObjectType":"P","Name":""}
2026/03/01 18:19:30 PG Send: {"Type":"Execute","Portal":"","MaxRows":0}
2026/03/01 18:19:30 PG Send: {"Type":"Parse","Name":"","Query":"COMMENT ON COLUMN 
products.model IS 'Nome do modelo do produto (ex: iPhone 14 Pro Max, Galaxy 
S23)'","ParameterOIDs":null}
2026/03/01 18:19:30 PG Send: {"Type":"Bind","DestinationPortal":"","PreparedStatement":"
","ParameterFormatCodes":null,"Parameters":[],"ResultFormatCodes":[]}
2026/03/01 18:19:30 PG Send: {"Type":"Describe","ObjectType":"P","Name":""}
2026/03/01 18:19:30 PG Send: {"Type":"Execute","Portal":"","MaxRows":0}
2026/03/01 18:19:30 PG Send: {"Type":"Parse","Name":"","Query":"COMMENT ON COLUMN 
products.images IS 'Array de URLs das imagens do produto'","ParameterOIDs":null}
2026/03/01 18:19:30 PG Send: {"Type":"Bind","DestinationPortal":"","PreparedStatement":"
","ParameterFormatCodes":null,"Parameters":[],"ResultFormatCodes":[]}
2026/03/01 18:19:30 PG Send: {"Type":"Describe","ObjectType":"P","Name":""}
2026/03/01 18:19:30 PG Send: {"Type":"Execute","Portal":"","MaxRows":0}
2026/03/01 18:19:30 PG Send: {"Type":"Parse","Name":"","Query":"-- Criar ├¡ndices para 
melhor performance em buscas\r\nCREATE INDEX IF NOT EXISTS idx_products_brand ON 
products(brand)","ParameterOIDs":null}
2026/03/01 18:19:30 PG Send: {"Type":"Bind","DestinationPortal":"","PreparedStatement":"
","ParameterFormatCodes":null,"Parameters":[],"ResultFormatCodes":[]}
2026/03/01 18:19:30 PG Send: {"Type":"Describe","ObjectType":"P","Name":""}
2026/03/01 18:19:30 PG Send: {"Type":"Execute","Portal":"","MaxRows":0}
2026/03/01 18:19:30 PG Send: {"Type":"Parse","Name":"","Query":"CREATE INDEX IF NOT 
EXISTS idx_products_model ON products(model)","ParameterOIDs":null}
2026/03/01 18:19:30 PG Send: {"Type":"Bind","DestinationPortal":"","PreparedStatement":"
","ParameterFormatCodes":null,"Parameters":[],"ResultFormatCodes":[]}
2026/03/01 18:19:30 PG Send: {"Type":"Describe","ObjectType":"P","Name":""}
2026/03/01 18:19:30 PG Send: {"Type":"Execute","Portal":"","MaxRows":0}
2026/03/01 18:19:30 PG Send: {"Type":"Parse","Name":"","Query":"-- Verificar 
migra├º├úo\r\nSELECT \r\n    name,\r\n    brand,\r\n    model,\r\n    
specs-\u003e\u003e'brand' as brand_specs,\r\n    specs-\u003e\u003e'model' as 
model_specs\r\nFROM products\r\nLIMIT 10","ParameterOIDs":null}
2026/03/01 18:19:30 PG Send: {"Type":"Bind","DestinationPortal":"","PreparedStatement":"
","ParameterFormatCodes":null,"Parameters":[],"ResultFormatCodes":[]}
2026/03/01 18:19:30 PG Send: {"Type":"Describe","ObjectType":"P","Name":""}
2026/03/01 18:19:30 PG Send: {"Type":"Execute","Portal":"","MaxRows":0}
2026/03/01 18:19:30 PG Send: {"Type":"Parse","Name":"","Query":"INSERT INTO 
supabase_migrations.schema_migrations(version, name, statements) VALUES($1, $2, 
$3)","ParameterOIDs":[25,25,1009]}
2026/03/01 18:19:30 PG Send: {"Type":"Bind","DestinationPortal":"","PreparedStatement":"
","ParameterFormatCodes":[0,0,1],"Parameters":[{"text":"20260201000001"},{"text":"add_br
and_model_columns"},{"binary":"0000000100000000000000190000000800000001000001de2d2d203d3
d3d3d3d3d3d3d3d3d3d3d3d3d3d3d3d3d3d3d3d3d3d3d3d3d3d3d3d3d3d3d3d3d3d3d3d3d3d3d3d3d3d3d0d0
a2d2d204d4947524154494f4e3a2041646963696f6e617220636f6c756e6173206272616e642065206d6f646
56c0d0a2d2d203d3d3d3d3d3d3d3d3d3d3d3d3d3d3d3d3d3d3d3d3d3d3d3d3d3d3d3d3d3d3d3d3d3d3d3d3d3
d3d3d3d3d3d3d0d0a2d2d20446174613a20323032362d30322d30310d0a2d2d20446573637269c3a7c3a36f3
a2041646963696f6e6120636f6c756e6173206272616e642065206d6f64656c20636f6d6f20544558540d0a2
d2d20202020202020202020202065206d69677261206461646f7320646520737065637320706172612061732
06e6f76617320636f6c756e61730d0a0d0a2d2d2041646963696f6e617220636f6c756e6173206272616e642
065206d6f64656c0d0a414c544552205441424c452070726f6475637473200d0a41444420434f4c554d4e204
946204e4f5420455849535453206272616e6420544558542c0d0a41444420434f4c554d4e204946204e4f542
0455849535453206d6f64656c20544558542c0d0a41444420434f4c554d4e204946204e4f542045584953545
320696d61676573204a534f4e422044454641554c5420275b5d273a3a6a736f6e62000000a52d2d204d69677
26172206461646f73206578697374656e7465732064652073706563732070617261206173206e6f766173206
36f6c756e61730d0a5550444154452070726f6475637473200d0a534554200d0a202020206272616e64203d2
073706563732d3e3e276272616e64272c0d0a202020206d6f64656c203d2073706563732d3e3e276d6f64656
c270d0a5748455245207370656373204953204e4f54204e554c4c0000006e2d2d2041646963696f6e6172206
36f6d656e74c3a172696f730d0a434f4d4d454e54204f4e20434f4c554d4e2070726f64756374732e6272616
e6420495320274e6f6d65206461206d6172636120646f2070726f6475746f202865783a204170706c652c205
3616d73756e67292700000063434f4d4d454e54204f4e20434f4c554d4e2070726f64756374732e6d6f64656
c20495320274e6f6d6520646f206d6f64656c6f20646f2070726f6475746f202865783a206950686f6e65203
1342050726f204d61782c2047616c6178792053323329270000004b434f4d4d454e54204f4e20434f4c554d4
e2070726f64756374732e696d61676573204953202741727261792064652055524c732064617320696d61676
56e7320646f2070726f6475746f27000000752d2d20437269617220c3ad6e64696365732070617261206d656
c686f7220706572666f726d616e636520656d206275736361730d0a43524541544520494e444558204946204
e4f5420455849535453206964785f70726f64756374735f6272616e64204f4e2070726f64756374732862726
16e64290000004043524541544520494e444558204946204e4f5420455849535453206964785f70726f64756
374735f6d6f64656c204f4e2070726f6475637473286d6f64656c29000000a52d2d205665726966696361722
06d69677261c3a7c3a36f0d0a53454c454354200d0a202020206e616d652c0d0a202020206272616e642c0d0
a202020206d6f64656c2c0d0a2020202073706563732d3e3e276272616e6427206173206272616e645f73706
563732c0d0a2020202073706563732d3e3e276d6f64656c27206173206d6f64656c5f73706563730d0a46524
f4d2070726f64756374730d0a4c494d4954203130"}],"ResultFormatCodes":[]}
2026/03/01 18:19:30 PG Send: {"Type":"Describe","ObjectType":"P","Name":""}
2026/03/01 18:19:30 PG Send: {"Type":"Execute","Portal":"","MaxRows":0}
2026/03/01 18:19:30 PG Send: {"Type":"Sync"}
2026/03/01 18:19:30 PG Recv: {"Type":"ParseComplete"}
2026/03/01 18:19:30 PG Recv: {"Type":"BindComplete"}
2026/03/01 18:19:30 PG Recv: {"Type":"NoData"}
2026/03/01 18:19:30 PG Recv: {"Type":"CommandComplete","CommandTag":"ALTER TABLE"}
2026/03/01 18:19:30 PG Recv: {"Type":"ParseComplete"}
2026/03/01 18:19:30 PG Recv: {"Type":"BindComplete"}
2026/03/01 18:19:30 PG Recv: {"Type":"NoData"}
2026/03/01 18:19:30 PG Recv: {"Type":"CommandComplete","CommandTag":"UPDATE 0"}
2026/03/01 18:19:30 PG Recv: {"Type":"ParseComplete"}
2026/03/01 18:19:30 PG Recv: {"Type":"BindComplete"}
2026/03/01 18:19:30 PG Recv: {"Type":"NoData"}
2026/03/01 18:19:30 PG Recv: {"Type":"CommandComplete","CommandTag":"COMMENT"}
2026/03/01 18:19:30 PG Recv: {"Type":"ParseComplete"}
2026/03/01 18:19:30 PG Recv: {"Type":"BindComplete"}
2026/03/01 18:19:30 PG Recv: {"Type":"NoData"}
2026/03/01 18:19:30 PG Recv: {"Type":"CommandComplete","CommandTag":"COMMENT"}
2026/03/01 18:19:30 PG Recv: {"Type":"ParseComplete"}
2026/03/01 18:19:30 PG Recv: {"Type":"BindComplete"}
2026/03/01 18:19:30 PG Recv: {"Type":"NoData"}
2026/03/01 18:19:30 PG Recv: {"Type":"CommandComplete","CommandTag":"COMMENT"}
2026/03/01 18:19:30 PG Recv: {"Type":"ParseComplete"}
2026/03/01 18:19:30 PG Recv: {"Type":"BindComplete"}
2026/03/01 18:19:30 PG Recv: {"Type":"NoData"}
2026/03/01 18:19:30 PG Recv: {"Type":"CommandComplete","CommandTag":"CREATE INDEX"}
2026/03/01 18:19:30 PG Recv: {"Type":"ParseComplete"}
2026/03/01 18:19:30 PG Recv: {"Type":"BindComplete"}
2026/03/01 18:19:30 PG Recv: {"Type":"NoData"}
2026/03/01 18:19:30 PG Recv: {"Type":"CommandComplete","CommandTag":"CREATE INDEX"}
2026/03/01 18:19:30 PG Recv: {"Type":"ParseComplete"}
2026/03/01 18:19:30 PG Recv: {"Type":"BindComplete"}
2026/03/01 18:19:30 PG Recv: {"Type":"RowDescription","Fields":[{"Name":"name","TableOID
":17867,"TableAttributeNumber":6,"DataTypeOID":25,"DataTypeSize":-1,"TypeModifier":-1,"F
ormat":0},{"Name":"brand","TableOID":17867,"TableAttributeNumber":24,"DataTypeOID":25,"D
ataTypeSize":-1,"TypeModifier":-1,"Format":0},{"Name":"model","TableOID":17867,"TableAtt
ributeNumber":25,"DataTypeOID":25,"DataTypeSize":-1,"TypeModifier":-1,"Format":0},{"Name
":"brand_specs","TableOID":0,"TableAttributeNumber":0,"DataTypeOID":25,"DataTypeSize":-1
,"TypeModifier":-1,"Format":0},{"Name":"model_specs","TableOID":0,"TableAttributeNumber"
:0,"DataTypeOID":25,"DataTypeSize":-1,"TypeModifier":-1,"Format":0}]}
2026/03/01 18:19:30 PG Recv: {"Type":"CommandComplete","CommandTag":"SELECT 0"}
2026/03/01 18:19:30 PG Recv: {"Type":"ParseComplete"}
2026/03/01 18:19:30 PG Recv: {"Type":"BindComplete"}
2026/03/01 18:19:30 PG Recv: {"Type":"NoData"}
2026/03/01 18:19:30 PG Recv: {"Type":"CommandComplete","CommandTag":"INSERT 0 1"}
2026/03/01 18:19:30 PG Recv: {"Type":"ReadyForQuery","TxStatus":"I"}
Applying migration 20260201000002_add_price_cost.sql...
2026/03/01 18:19:30 PG Send: {"Type":"Query","String":"RESET ALL"}
2026/03/01 18:19:30 PG Recv: {"Type":"CommandComplete","CommandTag":"RESET"}
2026/03/01 18:19:30 PG Recv: {"Type":"ReadyForQuery","TxStatus":"I"}
2026/03/01 18:19:30 PG Send: {"Type":"Parse","Name":"","Query":"-- Add price_cost 
column to products table if it doesn't exist\r\nDO $$ \r\nBEGIN\r\n    -- Check if 
price_cost column exists\r\n    IF NOT EXISTS (\r\n        SELECT 1 \r\n        FROM 
information_schema.columns \r\n        WHERE table_name = 'products' \r\n        AND 
column_name = 'price_cost'\r\n    ) THEN\r\n        -- Add price_cost column\r\n        
ALTER TABLE products \r\n        ADD COLUMN price_cost INTEGER DEFAULT 0;\r\n        
\r\n        RAISE NOTICE 'Added price_cost column to products table';\r\n    ELSE\r\n   
     RAISE NOTICE 'price_cost column already exists';\r\n    END IF;\r\nEND 
$$","ParameterOIDs":null}
2026/03/01 18:19:30 PG Send: {"Type":"Bind","DestinationPortal":"","PreparedStatement":"
","ParameterFormatCodes":null,"Parameters":[],"ResultFormatCodes":[]}
2026/03/01 18:19:30 PG Send: {"Type":"Describe","ObjectType":"P","Name":""}
2026/03/01 18:19:30 PG Send: {"Type":"Execute","Portal":"","MaxRows":0}
2026/03/01 18:19:30 PG Send: {"Type":"Parse","Name":"","Query":"-- Create index for 
better query performance\r\nCREATE INDEX IF NOT EXISTS idx_products_price_cost ON 
products(price_cost)","ParameterOIDs":null}
2026/03/01 18:19:30 PG Send: {"Type":"Bind","DestinationPortal":"","PreparedStatement":"
","ParameterFormatCodes":null,"Parameters":[],"ResultFormatCodes":[]}
2026/03/01 18:19:30 PG Send: {"Type":"Describe","ObjectType":"P","Name":""}
2026/03/01 18:19:30 PG Send: {"Type":"Execute","Portal":"","MaxRows":0}
2026/03/01 18:19:30 PG Send: {"Type":"Parse","Name":"","Query":"-- Verify the column 
was added\r\nSELECT column_name, data_type, column_default\r\nFROM 
information_schema.columns\r\nWHERE table_name = 'products'\r\nAND column_name = 
'price_cost'","ParameterOIDs":null}
2026/03/01 18:19:30 PG Send: {"Type":"Bind","DestinationPortal":"","PreparedStatement":"
","ParameterFormatCodes":null,"Parameters":[],"ResultFormatCodes":[]}
2026/03/01 18:19:30 PG Send: {"Type":"Describe","ObjectType":"P","Name":""}
2026/03/01 18:19:30 PG Send: {"Type":"Execute","Portal":"","MaxRows":0}
2026/03/01 18:19:30 PG Send: {"Type":"Parse","Name":"","Query":"INSERT INTO 
supabase_migrations.schema_migrations(version, name, statements) VALUES($1, $2, 
$3)","ParameterOIDs":[25,25,1009]}
2026/03/01 18:19:30 PG Send: {"Type":"Bind","DestinationPortal":"","PreparedStatement":"
","ParameterFormatCodes":[0,0,1],"Parameters":[{"text":"20260201000002"},{"text":"add_pr
ice_cost"},{"binary":"00000001000000000000001900000003000000010000023e2d2d20416464207072
6963655f636f737420636f6c756d6e20746f2070726f6475637473207461626c6520696620697420646f6573
6e27742065786973740d0a444f202424200d0a424547494e0d0a202020202d2d20436865636b206966207072
6963655f636f737420636f6c756d6e206578697374730d0a202020204946204e4f542045584953545320280d
0a202020202020202053454c4543542031200d0a202020202020202046524f4d20696e666f726d6174696f6e
5f736368656d612e636f6c756d6e73200d0a20202020202020205748455245207461626c655f6e616d65203d
202770726f647563747327200d0a2020202020202020414e4420636f6c756d6e5f6e616d65203d2027707269
63655f636f7374270d0a2020202029205448454e0d0a20202020202020202d2d204164642070726963655f63
6f737420636f6c756d6e0d0a2020202020202020414c544552205441424c452070726f6475637473200d0a20
2020202020202041444420434f4c554d4e2070726963655f636f737420494e54454745522044454641554c54
20303b0d0a20202020202020200d0a20202020202020205241495345204e4f54494345202741646465642070
726963655f636f737420636f6c756d6e20746f2070726f6475637473207461626c65273b0d0a20202020454c
53450d0a20202020202020205241495345204e4f54494345202770726963655f636f737420636f6c756d6e20
616c726561647920657869737473273b0d0a20202020454e442049463b0d0a454e44202424000000782d2d20
43726561746520696e64657820666f722062657474657220717565727920706572666f726d616e63650d0a43
524541544520494e444558204946204e4f5420455849535453206964785f70726f64756374735f7072696365
5f636f7374204f4e2070726f64756374732870726963655f636f737429000000ad2d2d205665726966792074
686520636f6c756d6e207761732061646465640d0a53454c45435420636f6c756d6e5f6e616d652c20646174
615f747970652c20636f6c756d6e5f64656661756c740d0a46524f4d20696e666f726d6174696f6e5f736368
656d612e636f6c756d6e730d0a5748455245207461626c655f6e616d65203d202770726f6475637473270d0a
414e4420636f6c756d6e5f6e616d65203d202770726963655f636f737427"}],"ResultFormatCodes":[]}
2026/03/01 18:19:30 PG Send: {"Type":"Describe","ObjectType":"P","Name":""}
2026/03/01 18:19:30 PG Send: {"Type":"Execute","Portal":"","MaxRows":0}
2026/03/01 18:19:30 PG Send: {"Type":"Sync"}
2026/03/01 18:19:30 PG Recv: {"Type":"ParseComplete"}
2026/03/01 18:19:30 PG Recv: {"Type":"BindComplete"}
2026/03/01 18:19:30 PG Recv: {"Type":"NoData"}
2026/03/01 18:19:30 PG Recv: {"Severity":"NOTICE","SeverityUnlocalized":"NOTICE","Code":
"00000","Message":"price_cost column already exists","Detail":"","Hint":"","Position":0,
"InternalPosition":0,"InternalQuery":"","Where":"PL/pgSQL function inline_code_block 
line 16 at RAISE","SchemaName":"","TableName":"","ColumnName":"","DataTypeName":"","Cons
traintName":"","File":"pl_exec.c","Line":3911,"Routine":"exec_stmt_raise","UnknownFields
":null}
NOTICE (00000): price_cost column already exists
2026/03/01 18:19:30 PG Recv: {"Type":"CommandComplete","CommandTag":"DO"}
2026/03/01 18:19:30 PG Recv: {"Type":"ParseComplete"}
2026/03/01 18:19:30 PG Recv: {"Type":"BindComplete"}
2026/03/01 18:19:30 PG Recv: {"Type":"NoData"}
2026/03/01 18:19:30 PG Recv: {"Type":"CommandComplete","CommandTag":"CREATE INDEX"}
2026/03/01 18:19:30 PG Recv: {"Type":"ParseComplete"}
2026/03/01 18:19:30 PG Recv: {"Type":"BindComplete"}
2026/03/01 18:19:30 PG Recv: {"Type":"RowDescription","Fields":[{"Name":"column_name","T
ableOID":13353,"TableAttributeNumber":4,"DataTypeOID":19,"DataTypeSize":64,"TypeModifier
":-1,"Format":0},{"Name":"data_type","TableOID":13353,"TableAttributeNumber":8,"DataType
OID":1043,"DataTypeSize":-1,"TypeModifier":-1,"Format":0},{"Name":"column_default","Tabl
eOID":13353,"TableAttributeNumber":6,"DataTypeOID":1043,"DataTypeSize":-1,"TypeModifier"
:-1,"Format":0}]}
2026/03/01 18:19:30 PG Recv: 
{"Type":"DataRow","Values":[{"text":"price_cost"},{"text":"integer"},null]}
2026/03/01 18:19:30 PG Recv: {"Type":"CommandComplete","CommandTag":"SELECT 1"}
2026/03/01 18:19:30 PG Recv: {"Type":"ParseComplete"}
2026/03/01 18:19:30 PG Recv: {"Type":"BindComplete"}
2026/03/01 18:19:30 PG Recv: {"Type":"NoData"}
2026/03/01 18:19:30 PG Recv: {"Type":"CommandComplete","CommandTag":"INSERT 0 1"}
2026/03/01 18:19:30 PG Recv: {"Type":"ReadyForQuery","TxStatus":"I"}
Applying migration 20260201000003_add_products_status.sql...
2026/03/01 18:19:30 PG Send: {"Type":"Query","String":"RESET ALL"}
2026/03/01 18:19:30 PG Recv: {"Type":"CommandComplete","CommandTag":"RESET"}
2026/03/01 18:19:30 PG Recv: {"Type":"ReadyForQuery","TxStatus":"I"}
2026/03/01 18:19:30 PG Send: {"Type":"Parse","Name":"","Query":"-- Add missing columns 
to products table\r\n-- This fixes schema cache errors for status, track_inventory, and 
stock_quantity\r\n\r\nDO $$ \r\nBEGIN\r\n    -- Add status column if it doesn't 
exist\r\n    IF NOT EXISTS (\r\n        SELECT 1 \r\n        FROM 
information_schema.columns \r\n        WHERE table_name = 'products' \r\n        AND 
column_name = 'status'\r\n    ) THEN\r\n        ALTER TABLE products \r\n        ADD 
COLUMN status TEXT NOT NULL DEFAULT 'active'\r\n        CHECK (status IN ('active', 
'inactive', 'draft', 'archived'));\r\n        \r\n        RAISE NOTICE 'Added status 
column to products table';\r\n    ELSE\r\n        RAISE NOTICE 'Status column already 
exists';\r\n    END IF;\r\n\r\n    -- Add track_inventory column if it doesn't 
exist\r\n    IF NOT EXISTS (\r\n        SELECT 1 \r\n        FROM 
information_schema.columns \r\n        WHERE table_name = 'products' \r\n        AND 
column_name = 'track_inventory'\r\n    ) THEN\r\n        ALTER TABLE products \r\n      
  ADD COLUMN track_inventory BOOLEAN NOT NULL DEFAULT true;\r\n        \r\n        
RAISE NOTICE 'Added track_inventory column to products table';\r\n    ELSE\r\n        
RAISE NOTICE 'track_inventory column already exists';\r\n    END IF;\r\n\r\n    -- Add 
stock_quantity column if it doesn't exist\r\n    IF NOT EXISTS (\r\n        SELECT 1 
\r\n        FROM information_schema.columns \r\n        WHERE table_name = 'products' 
\r\n        AND column_name = 'stock_quantity'\r\n    ) THEN\r\n        ALTER TABLE 
products \r\n        ADD COLUMN stock_quantity INTEGER DEFAULT 0;\r\n        \r\n       
 RAISE NOTICE 'Added stock_quantity column to products table';\r\n    ELSE\r\n        
RAISE NOTICE 'stock_quantity column already exists';\r\n    END IF;\r\nEND 
$$","ParameterOIDs":null}
2026/03/01 18:19:30 PG Send: {"Type":"Bind","DestinationPortal":"","PreparedStatement":"
","ParameterFormatCodes":null,"Parameters":[],"ResultFormatCodes":[]}
2026/03/01 18:19:30 PG Send: {"Type":"Describe","ObjectType":"P","Name":""}
2026/03/01 18:19:30 PG Send: {"Type":"Execute","Portal":"","MaxRows":0}
2026/03/01 18:19:30 PG Send: {"Type":"Parse","Name":"","Query":"-- Create indexes for 
better query performance\r\nCREATE INDEX IF NOT EXISTS idx_products_status ON 
products(status)","ParameterOIDs":null}
2026/03/01 18:19:30 PG Send: {"Type":"Bind","DestinationPortal":"","PreparedStatement":"
","ParameterFormatCodes":null,"Parameters":[],"ResultFormatCodes":[]}
2026/03/01 18:19:30 PG Send: {"Type":"Describe","ObjectType":"P","Name":""}
2026/03/01 18:19:30 PG Send: {"Type":"Execute","Portal":"","MaxRows":0}
2026/03/01 18:19:30 PG Send: {"Type":"Parse","Name":"","Query":"CREATE INDEX IF NOT 
EXISTS idx_products_track_inventory ON products(track_inventory)","ParameterOIDs":null}
2026/03/01 18:19:30 PG Send: {"Type":"Bind","DestinationPortal":"","PreparedStatement":"
","ParameterFormatCodes":null,"Parameters":[],"ResultFormatCodes":[]}
2026/03/01 18:19:30 PG Send: {"Type":"Describe","ObjectType":"P","Name":""}
2026/03/01 18:19:30 PG Send: {"Type":"Execute","Portal":"","MaxRows":0}
2026/03/01 18:19:30 PG Send: {"Type":"Parse","Name":"","Query":"CREATE INDEX IF NOT 
EXISTS idx_products_stock_quantity ON products(stock_quantity)","ParameterOIDs":null}
2026/03/01 18:19:30 PG Send: {"Type":"Bind","DestinationPortal":"","PreparedStatement":"
","ParameterFormatCodes":null,"Parameters":[],"ResultFormatCodes":[]}
2026/03/01 18:19:30 PG Send: {"Type":"Describe","ObjectType":"P","Name":""}
2026/03/01 18:19:30 PG Send: {"Type":"Execute","Portal":"","MaxRows":0}
2026/03/01 18:19:30 PG Send: {"Type":"Parse","Name":"","Query":"-- Update existing 
products to have default values if null\r\nUPDATE products SET status = 'active' WHERE 
status IS NULL","ParameterOIDs":null}
2026/03/01 18:19:30 PG Send: {"Type":"Bind","DestinationPortal":"","PreparedStatement":"
","ParameterFormatCodes":null,"Parameters":[],"ResultFormatCodes":[]}
2026/03/01 18:19:30 PG Send: {"Type":"Describe","ObjectType":"P","Name":""}
2026/03/01 18:19:30 PG Send: {"Type":"Execute","Portal":"","MaxRows":0}
2026/03/01 18:19:30 PG Send: {"Type":"Parse","Name":"","Query":"UPDATE products SET 
track_inventory = true WHERE track_inventory IS NULL","ParameterOIDs":null}
2026/03/01 18:19:30 PG Send: {"Type":"Bind","DestinationPortal":"","PreparedStatement":"
","ParameterFormatCodes":null,"Parameters":[],"ResultFormatCodes":[]}
2026/03/01 18:19:30 PG Send: {"Type":"Describe","ObjectType":"P","Name":""}
2026/03/01 18:19:30 PG Send: {"Type":"Execute","Portal":"","MaxRows":0}
2026/03/01 18:19:30 PG Send: {"Type":"Parse","Name":"","Query":"UPDATE products SET 
stock_quantity = 0 WHERE stock_quantity IS NULL","ParameterOIDs":null}
2026/03/01 18:19:30 PG Send: {"Type":"Bind","DestinationPortal":"","PreparedStatement":"
","ParameterFormatCodes":null,"Parameters":[],"ResultFormatCodes":[]}
2026/03/01 18:19:30 PG Send: {"Type":"Describe","ObjectType":"P","Name":""}
2026/03/01 18:19:30 PG Send: {"Type":"Execute","Portal":"","MaxRows":0}
2026/03/01 18:19:30 PG Send: {"Type":"Parse","Name":"","Query":"INSERT INTO 
supabase_migrations.schema_migrations(version, name, statements) VALUES($1, $2, 
$3)","ParameterOIDs":[25,25,1009]}
2026/03/01 18:19:30 PG Send: {"Type":"Bind","DestinationPortal":"","PreparedStatement":"
","ParameterFormatCodes":[0,0,1],"Parameters":[{"text":"20260201000003"},{"text":"add_pr
oducts_status"},{"binary":"00000001000000000000001900000007000000010000067e2d2d204164642
06d697373696e6720636f6c756d6e7320746f2070726f6475637473207461626c650d0a2d2d2054686973206
66978657320736368656d61206361636865206572726f727320666f72207374617475732c20747261636b5f6
96e76656e746f72792c20616e642073746f636b5f7175616e746974790d0a0d0a444f202424200d0a4245474
94e0d0a202020202d2d204164642073746174757320636f6c756d6e20696620697420646f65736e277420657
86973740d0a202020204946204e4f542045584953545320280d0a202020202020202053454c4543542031200
d0a202020202020202046524f4d20696e666f726d6174696f6e5f736368656d612e636f6c756d6e73200d0a2
0202020202020205748455245207461626c655f6e616d65203d202770726f647563747327200d0a202020202
0202020414e4420636f6c756d6e5f6e616d65203d2027737461747573270d0a2020202029205448454e0d0a2
020202020202020414c544552205441424c452070726f6475637473200d0a202020202020202041444420434
f4c554d4e207374617475732054455854204e4f54204e554c4c2044454641554c542027616374697665270d0
a2020202020202020434845434b202873746174757320494e202827616374697665272c2027696e616374697
665272c20276472616674272c202761726368697665642729293b0d0a20202020202020200d0a20202020202
020205241495345204e4f54494345202741646465642073746174757320636f6c756d6e20746f2070726f647
5637473207461626c65273b0d0a20202020454c53450d0a20202020202020205241495345204e4f544943452
02753746174757320636f6c756d6e20616c726561647920657869737473273b0d0a20202020454e442049463
b0d0a0d0a202020202d2d2041646420747261636b5f696e76656e746f727920636f6c756d6e2069662069742
0646f65736e27742065786973740d0a202020204946204e4f542045584953545320280d0a202020202020202
053454c4543542031200d0a202020202020202046524f4d20696e666f726d6174696f6e5f736368656d612e6
36f6c756d6e73200d0a20202020202020205748455245207461626c655f6e616d65203d202770726f6475637
47327200d0a2020202020202020414e4420636f6c756d6e5f6e616d65203d2027747261636b5f696e76656e7
46f7279270d0a2020202029205448454e0d0a2020202020202020414c544552205441424c452070726f64756
37473200d0a202020202020202041444420434f4c554d4e20747261636b5f696e76656e746f727920424f4f4
c45414e204e4f54204e554c4c2044454641554c5420747275653b0d0a20202020202020200d0a20202020202
020205241495345204e4f544943452027416464656420747261636b5f696e76656e746f727920636f6c756d6
e20746f2070726f6475637473207461626c65273b0d0a20202020454c53450d0a20202020202020205241495
345204e4f544943452027747261636b5f696e76656e746f727920636f6c756d6e20616c72656164792065786
9737473273b0d0a20202020454e442049463b0d0a0d0a202020202d2d204164642073746f636b5f7175616e7
469747920636f6c756d6e20696620697420646f65736e27742065786973740d0a202020204946204e4f54204
5584953545320280d0a202020202020202053454c4543542031200d0a202020202020202046524f4d20696e6
66f726d6174696f6e5f736368656d612e636f6c756d6e73200d0a20202020202020205748455245207461626
c655f6e616d65203d202770726f647563747327200d0a2020202020202020414e4420636f6c756d6e5f6e616
d65203d202773746f636b5f7175616e74697479270d0a2020202029205448454e0d0a2020202020202020414
c544552205441424c452070726f6475637473200d0a202020202020202041444420434f4c554d4e2073746f6
36b5f7175616e7469747920494e54454745522044454641554c5420303b0d0a20202020202020200d0a20202
020202020205241495345204e4f54494345202741646465642073746f636b5f7175616e7469747920636f6c7
56d6e20746f2070726f6475637473207461626c65273b0d0a20202020454c53450d0a2020202020202020524
1495345204e4f54494345202773746f636b5f7175616e7469747920636f6c756d6e20616c726561647920657
869737473273b0d0a20202020454e442049463b0d0a454e44202424000000722d2d2043726561746520696e6
46578657320666f722062657474657220717565727920706572666f726d616e63650d0a43524541544520494
e444558204946204e4f5420455849535453206964785f70726f64756374735f737461747573204f4e2070726
f647563747328737461747573290000005443524541544520494e444558204946204e4f54204558495354532
06964785f70726f64756374735f747261636b5f696e76656e746f7279204f4e2070726f64756374732874726
1636b5f696e76656e746f7279290000005243524541544520494e444558204946204e4f54204558495354532
06964785f70726f64756374735f73746f636b5f7175616e74697479204f4e2070726f64756374732873746f6
36b5f7175616e7469747929000000762d2d20557064617465206578697374696e672070726f6475637473207
46f20686176652064656661756c742076616c756573206966206e756c6c0d0a5550444154452070726f64756
374732053455420737461747573203d20276163746976652720574845524520737461747573204953204e554
c4c000000485550444154452070726f64756374732053455420747261636b5f696e76656e746f7279203d207
472756520574845524520747261636b5f696e76656e746f7279204953204e554c4c000000435550444154452
070726f6475637473205345542073746f636b5f7175616e74697479203d20302057484552452073746f636b5
f7175616e74697479204953204e554c4c"}],"ResultFormatCodes":[]}
2026/03/01 18:19:30 PG Send: {"Type":"Describe","ObjectType":"P","Name":""}
2026/03/01 18:19:30 PG Send: {"Type":"Execute","Portal":"","MaxRows":0}
2026/03/01 18:19:30 PG Send: {"Type":"Sync"}
2026/03/01 18:19:30 PG Recv: {"Type":"ParseComplete"}
2026/03/01 18:19:30 PG Recv: {"Type":"BindComplete"}
2026/03/01 18:19:30 PG Recv: {"Type":"NoData"}
2026/03/01 18:19:30 PG Recv: 
{"Severity":"NOTICE","SeverityUnlocalized":"NOTICE","Code":"00000","Message":"Added 
status column to products table","Detail":"","Hint":"","Position":0,"InternalPosition":0
,"InternalQuery":"","Where":"PL/pgSQL function inline_code_block line 14 at RAISE","Sche
maName":"","TableName":"","ColumnName":"","DataTypeName":"","ConstraintName":"","File":"
pl_exec.c","Line":3911,"Routine":"exec_stmt_raise","UnknownFields":null}
NOTICE (00000): Added status column to products table
2026/03/01 18:19:30 PG Recv: 
{"Severity":"NOTICE","SeverityUnlocalized":"NOTICE","Code":"00000","Message":"Added 
track_inventory column to products table","Detail":"","Hint":"","Position":0,"InternalPo
sition":0,"InternalQuery":"","Where":"PL/pgSQL function inline_code_block line 29 at RAI
SE","SchemaName":"","TableName":"","ColumnName":"","DataTypeName":"","ConstraintName":""
,"File":"pl_exec.c","Line":3911,"Routine":"exec_stmt_raise","UnknownFields":null}
NOTICE (00000): Added track_inventory column to products table
2026/03/01 18:19:30 PG Recv: {"Severity":"NOTICE","SeverityUnlocalized":"NOTICE","Code":
"00000","Message":"stock_quantity column already exists","Detail":"","Hint":"","Position
":0,"InternalPosition":0,"InternalQuery":"","Where":"PL/pgSQL function 
inline_code_block line 46 at RAISE","SchemaName":"","TableName":"","ColumnName":"","Data
TypeName":"","ConstraintName":"","File":"pl_exec.c","Line":3911,"Routine":"exec_stmt_rai
se","UnknownFields":null}
NOTICE (00000): stock_quantity column already exists
2026/03/01 18:19:30 PG Recv: {"Type":"CommandComplete","CommandTag":"DO"}
2026/03/01 18:19:30 PG Recv: {"Type":"ParseComplete"}
2026/03/01 18:19:30 PG Recv: {"Type":"BindComplete"}
2026/03/01 18:19:30 PG Recv: {"Type":"NoData"}
2026/03/01 18:19:30 PG Recv: {"Type":"CommandComplete","CommandTag":"CREATE INDEX"}
2026/03/01 18:19:30 PG Recv: {"Type":"ParseComplete"}
2026/03/01 18:19:30 PG Recv: {"Type":"BindComplete"}
2026/03/01 18:19:30 PG Recv: {"Type":"NoData"}
2026/03/01 18:19:30 PG Recv: {"Type":"CommandComplete","CommandTag":"CREATE INDEX"}
2026/03/01 18:19:30 PG Recv: {"Type":"ParseComplete"}
2026/03/01 18:19:30 PG Recv: {"Type":"BindComplete"}
2026/03/01 18:19:30 PG Recv: {"Type":"NoData"}
2026/03/01 18:19:30 PG Recv: {"Type":"CommandComplete","CommandTag":"CREATE INDEX"}
2026/03/01 18:19:30 PG Recv: {"Type":"ParseComplete"}
2026/03/01 18:19:30 PG Recv: {"Type":"BindComplete"}
2026/03/01 18:19:30 PG Recv: {"Type":"NoData"}
2026/03/01 18:19:30 PG Recv: {"Type":"CommandComplete","CommandTag":"UPDATE 0"}
2026/03/01 18:19:30 PG Recv: {"Type":"ParseComplete"}
2026/03/01 18:19:30 PG Recv: {"Type":"BindComplete"}
2026/03/01 18:19:30 PG Recv: {"Type":"NoData"}
2026/03/01 18:19:30 PG Recv: {"Type":"CommandComplete","CommandTag":"UPDATE 0"}
2026/03/01 18:19:30 PG Recv: {"Type":"ParseComplete"}
2026/03/01 18:19:30 PG Recv: {"Type":"BindComplete"}
2026/03/01 18:19:30 PG Recv: {"Type":"NoData"}
2026/03/01 18:19:30 PG Recv: {"Type":"CommandComplete","CommandTag":"UPDATE 0"}
2026/03/01 18:19:30 PG Recv: {"Type":"ParseComplete"}
2026/03/01 18:19:30 PG Recv: {"Type":"BindComplete"}
2026/03/01 18:19:30 PG Recv: {"Type":"NoData"}
2026/03/01 18:19:30 PG Recv: {"Type":"CommandComplete","CommandTag":"INSERT 0 1"}
2026/03/01 18:19:30 PG Recv: {"Type":"ReadyForQuery","TxStatus":"I"}
Applying migration 20260201000004_add_unit_status.sql...
2026/03/01 18:19:30 PG Send: {"Type":"Query","String":"RESET ALL"}
2026/03/01 18:19:30 PG Recv: {"Type":"CommandComplete","CommandTag":"RESET"}
2026/03/01 18:19:30 PG Recv: {"Type":"ReadyForQuery","TxStatus":"I"}
2026/03/01 18:19:30 PG Send: {"Type":"Parse","Name":"","Query":"-- Migration: Add 
unit_status to products table\r\n-- Date: 2026-02-01\r\n-- Purpose: Track individual 
status of serialized products\r\n\r\n-- Add unit_status column\r\nALTER TABLE products 
\r\nADD COLUMN IF NOT EXISTS unit_status VARCHAR(20) DEFAULT 
'available'","ParameterOIDs":null}
2026/03/01 18:19:30 PG Send: {"Type":"Bind","DestinationPortal":"","PreparedStatement":"
","ParameterFormatCodes":null,"Parameters":[],"ResultFormatCodes":[]}
2026/03/01 18:19:30 PG Send: {"Type":"Describe","ObjectType":"P","Name":""}
2026/03/01 18:19:30 PG Send: {"Type":"Execute","Portal":"","MaxRows":0}
2026/03/01 18:19:30 PG Send: {"Type":"Parse","Name":"","Query":"-- Add constraint to 
ensure valid values\r\nALTER TABLE products\r\nADD CONSTRAINT check_unit_status 
\r\nCHECK (unit_status IN ('available', 'reserved', 'sold', 'maintenance', 
'defective'))","ParameterOIDs":null}
2026/03/01 18:19:30 PG Send: {"Type":"Bind","DestinationPortal":"","PreparedStatement":"
","ParameterFormatCodes":null,"Parameters":[],"ResultFormatCodes":[]}
2026/03/01 18:19:30 PG Send: {"Type":"Describe","ObjectType":"P","Name":""}
2026/03/01 18:19:30 PG Send: {"Type":"Execute","Portal":"","MaxRows":0}
2026/03/01 18:19:30 PG Send: {"Type":"Parse","Name":"","Query":"-- Create index for 
performance\r\nCREATE INDEX IF NOT EXISTS idx_products_unit_status ON 
products(unit_status)","ParameterOIDs":null}
2026/03/01 18:19:30 PG Send: {"Type":"Bind","DestinationPortal":"","PreparedStatement":"
","ParameterFormatCodes":null,"Parameters":[],"ResultFormatCodes":[]}
2026/03/01 18:19:30 PG Send: {"Type":"Describe","ObjectType":"P","Name":""}
2026/03/01 18:19:30 PG Send: {"Type":"Execute","Portal":"","MaxRows":0}
2026/03/01 18:19:30 PG Send: {"Type":"Parse","Name":"","Query":"-- Create index for 
serialized product queries\r\nCREATE INDEX IF NOT EXISTS idx_products_specs_imei1 ON 
products((specs-\u003e\u003e'imei1'))","ParameterOIDs":null}
2026/03/01 18:19:30 PG Send: {"Type":"Bind","DestinationPortal":"","PreparedStatement":"
","ParameterFormatCodes":null,"Parameters":[],"ResultFormatCodes":[]}
2026/03/01 18:19:30 PG Send: {"Type":"Describe","ObjectType":"P","Name":""}
2026/03/01 18:19:30 PG Send: {"Type":"Execute","Portal":"","MaxRows":0}
2026/03/01 18:19:30 PG Send: {"Type":"Parse","Name":"","Query":"CREATE INDEX IF NOT 
EXISTS idx_products_specs_serial ON 
products((specs-\u003e\u003e'serial'))","ParameterOIDs":null}
2026/03/01 18:19:30 PG Send: {"Type":"Bind","DestinationPortal":"","PreparedStatement":"
","ParameterFormatCodes":null,"Parameters":[],"ResultFormatCodes":[]}
2026/03/01 18:19:30 PG Send: {"Type":"Describe","ObjectType":"P","Name":""}
2026/03/01 18:19:30 PG Send: {"Type":"Execute","Portal":"","MaxRows":0}
2026/03/01 18:19:30 PG Send: {"Type":"Parse","Name":"","Query":"-- Update existing 
products to 'available' status\r\nUPDATE products \r\nSET unit_status = 'available' 
\r\nWHERE unit_status IS NULL","ParameterOIDs":null}
2026/03/01 18:19:30 PG Send: {"Type":"Bind","DestinationPortal":"","PreparedStatement":"
","ParameterFormatCodes":null,"Parameters":[],"ResultFormatCodes":[]}
2026/03/01 18:19:30 PG Send: {"Type":"Describe","ObjectType":"P","Name":""}
2026/03/01 18:19:30 PG Send: {"Type":"Execute","Portal":"","MaxRows":0}
2026/03/01 18:19:30 PG Send: {"Type":"Parse","Name":"","Query":"-- Add 
comment\r\nCOMMENT ON COLUMN products.unit_status IS 'Status of individual unit: 
available, reserved, sold, maintenance, defective'","ParameterOIDs":null}
2026/03/01 18:19:30 PG Send: {"Type":"Bind","DestinationPortal":"","PreparedStatement":"
","ParameterFormatCodes":null,"Parameters":[],"ResultFormatCodes":[]}
2026/03/01 18:19:30 PG Send: {"Type":"Describe","ObjectType":"P","Name":""}
2026/03/01 18:19:30 PG Send: {"Type":"Execute","Portal":"","MaxRows":0}
2026/03/01 18:19:30 PG Send: {"Type":"Parse","Name":"","Query":"INSERT INTO 
supabase_migrations.schema_migrations(version, name, statements) VALUES($1, $2, 
$3)","ParameterOIDs":[25,25,1009]}
2026/03/01 18:19:30 PG Send: {"Type":"Bind","DestinationPortal":"","PreparedStatement":"
","ParameterFormatCodes":[0,0,1],"Parameters":[{"text":"20260201000004"},{"text":"add_un
it_status"},{"binary":"0000000100000000000000190000000700000001000000fa2d2d204d696772617
4696f6e3a2041646420756e69745f73746174757320746f2070726f6475637473207461626c650d0a2d2d204
46174653a20323032362d30322d30310d0a2d2d20507572706f73653a20547261636b20696e6469766964756
16c20737461747573206f662073657269616c697a65642070726f64756374730d0a0d0a2d2d2041646420756
e69745f73746174757320636f6c756d6e0d0a414c544552205441424c452070726f6475637473200d0a41444
420434f4c554d4e204946204e4f542045584953545320756e69745f737461747573205641524348415228323
0292044454641554c542027617661696c61626c6527000000b72d2d2041646420636f6e73747261696e74207
46f20656e737572652076616c69642076616c7565730d0a414c544552205441424c452070726f64756374730
d0a41444420434f4e53545241494e5420636865636b5f756e69745f737461747573200d0a434845434b20287
56e69745f73746174757320494e202827617661696c61626c65272c20277265736572766564272c2027736f6
c64272c20276d61696e74656e616e6365272c20276465666563746976652729290000006d2d2d20437265617
46520696e64657820666f7220706572666f726d616e63650d0a43524541544520494e444558204946204e4f5
420455849535453206964785f70726f64756374735f756e69745f737461747573204f4e2070726f647563747
328756e69745f73746174757329000000822d2d2043726561746520696e64657820666f722073657269616c6
97a65642070726f6475637420717565726965730d0a43524541544520494e444558204946204e4f542045584
9535453206964785f70726f64756374735f73706563735f696d656931204f4e2070726f64756374732828737
06563732d3e3e27696d6569312729290000005443524541544520494e444558204946204e4f5420455849535
453206964785f70726f64756374735f73706563735f73657269616c204f4e2070726f6475637473282873706
563732d3e3e2773657269616c2729290000007e2d2d20557064617465206578697374696e672070726f64756
3747320746f2027617661696c61626c6527207374617475730d0a5550444154452070726f6475637473200d0
a53455420756e69745f737461747573203d2027617661696c61626c6527200d0a574845524520756e69745f7
37461747573204953204e554c4c000000882d2d2041646420636f6d6d656e740d0a434f4d4d454e54204f4e2
0434f4c554d4e2070726f64756374732e756e69745f7374617475732049532027537461747573206f6620696
e646976696475616c20756e69743a20617661696c61626c652c2072657365727665642c20736f6c642c206d6
1696e74656e616e63652c2064656665637469766527"}],"ResultFormatCodes":[]}
2026/03/01 18:19:30 PG Send: {"Type":"Describe","ObjectType":"P","Name":""}
2026/03/01 18:19:30 PG Send: {"Type":"Execute","Portal":"","MaxRows":0}
2026/03/01 18:19:30 PG Send: {"Type":"Sync"}
2026/03/01 18:19:30 PG Recv: {"Type":"ParseComplete"}
2026/03/01 18:19:30 PG Recv: {"Type":"BindComplete"}
2026/03/01 18:19:30 PG Recv: {"Type":"NoData"}
2026/03/01 18:19:30 PG Recv: {"Type":"CommandComplete","CommandTag":"ALTER TABLE"}
2026/03/01 18:19:30 PG Recv: {"Type":"ParseComplete"}
2026/03/01 18:19:30 PG Recv: {"Type":"BindComplete"}
2026/03/01 18:19:30 PG Recv: {"Type":"NoData"}
2026/03/01 18:19:30 PG Recv: {"Type":"CommandComplete","CommandTag":"ALTER TABLE"}
2026/03/01 18:19:30 PG Recv: {"Type":"ParseComplete"}
2026/03/01 18:19:30 PG Recv: {"Type":"BindComplete"}
2026/03/01 18:19:30 PG Recv: {"Type":"NoData"}
2026/03/01 18:19:30 PG Recv: {"Type":"CommandComplete","CommandTag":"CREATE INDEX"}
2026/03/01 18:19:30 PG Recv: {"Type":"ParseComplete"}
2026/03/01 18:19:30 PG Recv: {"Type":"BindComplete"}
2026/03/01 18:19:30 PG Recv: {"Type":"NoData"}
2026/03/01 18:19:30 PG Recv: {"Type":"CommandComplete","CommandTag":"CREATE INDEX"}
2026/03/01 18:19:30 PG Recv: {"Type":"ParseComplete"}
2026/03/01 18:19:30 PG Recv: {"Type":"BindComplete"}
2026/03/01 18:19:30 PG Recv: {"Type":"NoData"}
2026/03/01 18:19:30 PG Recv: {"Type":"CommandComplete","CommandTag":"CREATE INDEX"}
2026/03/01 18:19:30 PG Recv: {"Type":"ParseComplete"}
2026/03/01 18:19:30 PG Recv: {"Type":"BindComplete"}
2026/03/01 18:19:30 PG Recv: {"Type":"NoData"}
2026/03/01 18:19:30 PG Recv: {"Type":"CommandComplete","CommandTag":"UPDATE 0"}
2026/03/01 18:19:30 PG Recv: {"Type":"ParseComplete"}
2026/03/01 18:19:30 PG Recv: {"Type":"BindComplete"}
2026/03/01 18:19:30 PG Recv: {"Type":"NoData"}
2026/03/01 18:19:30 PG Recv: {"Type":"CommandComplete","CommandTag":"COMMENT"}
2026/03/01 18:19:30 PG Recv: {"Type":"ParseComplete"}
2026/03/01 18:19:30 PG Recv: {"Type":"BindComplete"}
2026/03/01 18:19:30 PG Recv: {"Type":"NoData"}
2026/03/01 18:19:30 PG Recv: {"Type":"CommandComplete","CommandTag":"INSERT 0 1"}
2026/03/01 18:19:30 PG Recv: {"Type":"ReadyForQuery","TxStatus":"I"}
Applying migration 20260201000005_create_payment_fees.sql...
2026/03/01 18:19:30 PG Send: {"Type":"Query","String":"RESET ALL"}
2026/03/01 18:19:30 PG Recv: {"Type":"CommandComplete","CommandTag":"RESET"}
2026/03/01 18:19:30 PG Recv: {"Type":"ReadyForQuery","TxStatus":"I"}
2026/03/01 18:19:30 PG Send: {"Type":"Parse","Name":"","Query":"-- Create payment_fees 
table for managing payment method fees\r\n-- Supports debit, PIX, and credit card 
installments (1x-18x)\r\n\r\nCREATE TABLE IF NOT EXISTS payment_fees (\r\n    id UUID 
PRIMARY KEY DEFAULT uuid_generate_v4(),\r\n    company_id UUID NOT NULL REFERENCES 
companies(id) ON DELETE CASCADE,\r\n    payment_method TEXT NOT NULL, -- 'debit', 
'pix', 'credit'\r\n    installments INTEGER NOT NULL DEFAULT 1, -- 1 for debit/pix, 
1-18 for credit\r\n    operator_name TEXT, -- Payment operator name (e.g., PagSeguro, 
Mercado Pago)\r\n    operator_fee DECIMAL(5,2) NOT NULL, -- Real operator fee (%)\r\n   
 applied_fee DECIMAL(5,2) NOT NULL, -- Fee passed to customer (%)\r\n    created_at 
TIMESTAMPTZ DEFAULT NOW(),\r\n    updated_at TIMESTAMPTZ DEFAULT NOW(),\r\n    \r\n    
-- Constraints\r\n    CONSTRAINT unique_payment_method_installments UNIQUE (company_id, 
payment_method, installments),\r\n    CONSTRAINT valid_operator_fee CHECK (operator_fee 
\u003e= 0 AND operator_fee \u003c= 100),\r\n    CONSTRAINT valid_applied_fee CHECK 
(applied_fee \u003e= 0 AND applied_fee \u003c= 100),\r\n    CONSTRAINT 
applied_greater_than_operator CHECK (applied_fee \u003e= 
operator_fee)\r\n)","ParameterOIDs":null}
2026/03/01 18:19:30 PG Send: {"Type":"Bind","DestinationPortal":"","PreparedStatement":"
","ParameterFormatCodes":null,"Parameters":[],"ResultFormatCodes":[]}
2026/03/01 18:19:30 PG Send: {"Type":"Describe","ObjectType":"P","Name":""}
2026/03/01 18:19:30 PG Send: {"Type":"Execute","Portal":"","MaxRows":0}
2026/03/01 18:19:30 PG Send: {"Type":"Parse","Name":"","Query":"-- Enable RLS\r\nALTER 
TABLE payment_fees ENABLE ROW LEVEL SECURITY","ParameterOIDs":null}
2026/03/01 18:19:30 PG Send: {"Type":"Bind","DestinationPortal":"","PreparedStatement":"
","ParameterFormatCodes":null,"Parameters":[],"ResultFormatCodes":[]}
2026/03/01 18:19:30 PG Send: {"Type":"Describe","ObjectType":"P","Name":""}
2026/03/01 18:19:30 PG Send: {"Type":"Execute","Portal":"","MaxRows":0}
2026/03/01 18:19:30 PG Send: {"Type":"Parse","Name":"","Query":"-- RLS 
Policies\r\nCREATE POLICY \"Users can view their company's payment fees\"\r\n    ON 
payment_fees FOR SELECT\r\n    USING (company_id::text = (auth.jwt() -\u003e 
'app_metadata' -\u003e\u003e 'company_id'))","ParameterOIDs":null}
2026/03/01 18:19:30 PG Send: {"Type":"Bind","DestinationPortal":"","PreparedStatement":"
","ParameterFormatCodes":null,"Parameters":[],"ResultFormatCodes":[]}
2026/03/01 18:19:30 PG Send: {"Type":"Describe","ObjectType":"P","Name":""}
2026/03/01 18:19:30 PG Send: {"Type":"Execute","Portal":"","MaxRows":0}
2026/03/01 18:19:30 PG Send: {"Type":"Parse","Name":"","Query":"CREATE POLICY \"Users 
can insert their company's payment fees\"\r\n    ON payment_fees FOR INSERT\r\n    WITH 
CHECK (company_id::text = (auth.jwt() -\u003e 'app_metadata' -\u003e\u003e 
'company_id'))","ParameterOIDs":null}
2026/03/01 18:19:30 PG Send: {"Type":"Bind","DestinationPortal":"","PreparedStatement":"
","ParameterFormatCodes":null,"Parameters":[],"ResultFormatCodes":[]}
2026/03/01 18:19:30 PG Send: {"Type":"Describe","ObjectType":"P","Name":""}
2026/03/01 18:19:30 PG Send: {"Type":"Execute","Portal":"","MaxRows":0}
2026/03/01 18:19:30 PG Send: {"Type":"Parse","Name":"","Query":"CREATE POLICY \"Users 
can update their company's payment fees\"\r\n    ON payment_fees FOR UPDATE\r\n    
USING (company_id::text = (auth.jwt() -\u003e 'app_metadata' -\u003e\u003e 
'company_id'))","ParameterOIDs":null}
2026/03/01 18:19:30 PG Send: {"Type":"Bind","DestinationPortal":"","PreparedStatement":"
","ParameterFormatCodes":null,"Parameters":[],"ResultFormatCodes":[]}
2026/03/01 18:19:30 PG Send: {"Type":"Describe","ObjectType":"P","Name":""}
2026/03/01 18:19:30 PG Send: {"Type":"Execute","Portal":"","MaxRows":0}
2026/03/01 18:19:30 PG Send: {"Type":"Parse","Name":"","Query":"CREATE POLICY \"Users 
can delete their company's payment fees\"\r\n    ON payment_fees FOR DELETE\r\n    
USING (company_id::text = (auth.jwt() -\u003e 'app_metadata' -\u003e\u003e 
'company_id'))","ParameterOIDs":null}
2026/03/01 18:19:30 PG Send: {"Type":"Bind","DestinationPortal":"","PreparedStatement":"
","ParameterFormatCodes":null,"Parameters":[],"ResultFormatCodes":[]}
2026/03/01 18:19:30 PG Send: {"Type":"Describe","ObjectType":"P","Name":""}
2026/03/01 18:19:30 PG Send: {"Type":"Execute","Portal":"","MaxRows":0}
2026/03/01 18:19:30 PG Send: {"Type":"Parse","Name":"","Query":"-- Indexes for 
performance\r\nCREATE INDEX IF NOT EXISTS idx_payment_fees_company ON 
payment_fees(company_id)","ParameterOIDs":null}
2026/03/01 18:19:30 PG Send: {"Type":"Bind","DestinationPortal":"","PreparedStatement":"
","ParameterFormatCodes":null,"Parameters":[],"ResultFormatCodes":[]}
2026/03/01 18:19:30 PG Send: {"Type":"Describe","ObjectType":"P","Name":""}
2026/03/01 18:19:30 PG Send: {"Type":"Execute","Portal":"","MaxRows":0}
2026/03/01 18:19:30 PG Send: {"Type":"Parse","Name":"","Query":"CREATE INDEX IF NOT 
EXISTS idx_payment_fees_method ON payment_fees(payment_method, 
installments)","ParameterOIDs":null}
2026/03/01 18:19:30 PG Send: {"Type":"Bind","DestinationPortal":"","PreparedStatement":"
","ParameterFormatCodes":null,"Parameters":[],"ResultFormatCodes":[]}
2026/03/01 18:19:30 PG Send: {"Type":"Describe","ObjectType":"P","Name":""}
2026/03/01 18:19:30 PG Send: {"Type":"Execute","Portal":"","MaxRows":0}
2026/03/01 18:19:30 PG Send: {"Type":"Parse","Name":"","Query":"-- Comment\r\nCOMMENT 
ON TABLE payment_fees IS 'Stores payment method fees (operator and applied) for 
different payment methods and installments'","ParameterOIDs":null}
2026/03/01 18:19:30 PG Send: {"Type":"Bind","DestinationPortal":"","PreparedStatement":"
","ParameterFormatCodes":null,"Parameters":[],"ResultFormatCodes":[]}
2026/03/01 18:19:30 PG Send: {"Type":"Describe","ObjectType":"P","Name":""}
2026/03/01 18:19:30 PG Send: {"Type":"Execute","Portal":"","MaxRows":0}
2026/03/01 18:19:30 PG Send: {"Type":"Parse","Name":"","Query":"INSERT INTO 
supabase_migrations.schema_migrations(version, name, statements) VALUES($1, $2, 
$3)","ParameterOIDs":[25,25,1009]}
2026/03/01 18:19:30 PG Send: {"Type":"Bind","DestinationPortal":"","PreparedStatement":"
","ParameterFormatCodes":[0,0,1],"Parameters":[{"text":"20260201000005"},{"text":"create
_payment_fees"},{"binary":"0000000100000000000000190000000900000001000004672d2d204372656
17465207061796d656e745f66656573207461626c6520666f72206d616e6167696e67207061796d656e74206
d6574686f6420666565730d0a2d2d20537570706f7274732064656269742c205049582c20616e64206372656
46974206361726420696e7374616c6c6d656e7473202831782d313878290d0a0d0a435245415445205441424
c45204946204e4f5420455849535453207061796d656e745f6665657320280d0a20202020696420555549442
05052494d415259204b45592044454641554c5420757569645f67656e65726174655f763428292c0d0a20202
020636f6d70616e795f69642055554944204e4f54204e554c4c205245464552454e43455320636f6d70616e6
9657328696429204f4e2044454c45544520434153434144452c0d0a202020207061796d656e745f6d6574686
f642054455854204e4f54204e554c4c2c202d2d20276465626974272c2027706978272c20276372656469742
70d0a20202020696e7374616c6c6d656e747320494e5445474552204e4f54204e554c4c2044454641554c542
0312c202d2d203120666f722064656269742f7069782c20312d313820666f72206372656469740d0a2020202
06f70657261746f725f6e616d6520544558542c202d2d205061796d656e74206f70657261746f72206e616d6
52028652e672e2c2050616753656775726f2c204d65726361646f205061676f290d0a202020206f706572617
46f725f66656520444543494d414c28352c3229204e4f54204e554c4c2c202d2d205265616c206f706572617
46f7220666565202825290d0a202020206170706c6965645f66656520444543494d414c28352c3229204e4f5
4204e554c4c2c202d2d204665652070617373656420746f20637573746f6d6572202825290d0a20202020637
265617465645f61742054494d455354414d50545a2044454641554c54204e4f5728292c0d0a2020202075706
4617465645f61742054494d455354414d50545a2044454641554c54204e4f5728292c0d0a202020200d0a202
020202d2d20436f6e73747261696e74730d0a20202020434f4e53545241494e5420756e697175655f7061796
d656e745f6d6574686f645f696e7374616c6c6d656e747320554e495155452028636f6d70616e795f69642c2
07061796d656e745f6d6574686f642c20696e7374616c6c6d656e7473292c0d0a20202020434f4e535452414
94e542076616c69645f6f70657261746f725f66656520434845434b20286f70657261746f725f666565203e3
d203020414e44206f70657261746f725f666565203c3d20313030292c0d0a20202020434f4e53545241494e5
42076616c69645f6170706c6965645f66656520434845434b20286170706c6965645f666565203e3d2030204
14e44206170706c6965645f666565203c3d20313030292c0d0a20202020434f4e53545241494e54206170706
c6965645f677265617465725f7468616e5f6f70657261746f7220434845434b20286170706c6965645f66656
5203e3d206f70657261746f725f666565290d0a29000000412d2d20456e61626c6520524c530d0a414c54455
2205441424c45207061796d656e745f6665657320454e41424c4520524f57204c4556454c205345435552495
459000000bc2d2d20524c5320506f6c69636965730d0a43524541544520504f4c49435920225573657273206
3616e207669657720746865697220636f6d70616e792773207061796d656e742066656573220d0a202020204
f4e207061796d656e745f6665657320464f522053454c4543540d0a202020205553494e472028636f6d70616
e795f69643a3a74657874203d2028617574682e6a77742829202d3e20276170705f6d6574616461746127202
d3e3e2027636f6d70616e795f6964272929000000b243524541544520504f4c4943592022557365727320636
16e20696e7365727420746865697220636f6d70616e792773207061796d656e742066656573220d0a2020202
04f4e207061796d656e745f6665657320464f5220494e534552540d0a202020205749544820434845434b202
8636f6d70616e795f69643a3a74657874203d2028617574682e6a77742829202d3e20276170705f6d6574616
461746127202d3e3e2027636f6d70616e795f6964272929000000ad43524541544520504f4c4943592022557
36572732063616e2075706461746520746865697220636f6d70616e792773207061796d656e7420666565732
20d0a202020204f4e207061796d656e745f6665657320464f52205550444154450d0a202020205553494e472
028636f6d70616e795f69643a3a74657874203d2028617574682e6a77742829202d3e20276170705f6d65746
16461746127202d3e3e2027636f6d70616e795f6964272929000000ad43524541544520504f4c49435920225
5736572732063616e2064656c65746520746865697220636f6d70616e792773207061796d656e74206665657
3220d0a202020204f4e207061796d656e745f6665657320464f522044454c4554450d0a202020205553494e4
72028636f6d70616e795f69643a3a74657874203d2028617574682e6a77742829202d3e20276170705f6d657
4616461746127202d3e3e2027636f6d70616e795f69642729290000006b2d2d20496e646578657320666f722
0706572666f726d616e63650d0a43524541544520494e444558204946204e4f5420455849535453206964785
f7061796d656e745f666565735f636f6d70616e79204f4e207061796d656e745f6665657328636f6d70616e7
95f6964290000006043524541544520494e444558204946204e4f5420455849535453206964785f7061796d6
56e745f666565735f6d6574686f64204f4e207061796d656e745f66656573287061796d656e745f6d6574686
f642c20696e7374616c6c6d656e7473290000008f2d2d20436f6d6d656e740d0a434f4d4d454e54204f4e205
441424c45207061796d656e745f66656573204953202753746f726573207061796d656e74206d6574686f642
06665657320286f70657261746f7220616e64206170706c6965642920666f7220646966666572656e7420706
1796d656e74206d6574686f647320616e6420696e7374616c6c6d656e747327"}],"ResultFormatCodes":[
]}
2026/03/01 18:19:30 PG Send: {"Type":"Describe","ObjectType":"P","Name":""}
2026/03/01 18:19:30 PG Send: {"Type":"Execute","Portal":"","MaxRows":0}
2026/03/01 18:19:30 PG Send: {"Type":"Sync"}
2026/03/01 18:19:30 PG Recv: {"Type":"ParseComplete"}
2026/03/01 18:19:30 PG Recv: {"Type":"BindComplete"}
2026/03/01 18:19:30 PG Recv: {"Type":"NoData"}
2026/03/01 18:19:30 PG Recv: {"Type":"CommandComplete","CommandTag":"CREATE TABLE"}
2026/03/01 18:19:30 PG Recv: {"Type":"ParseComplete"}
2026/03/01 18:19:30 PG Recv: {"Type":"BindComplete"}
2026/03/01 18:19:30 PG Recv: {"Type":"NoData"}
2026/03/01 18:19:30 PG Recv: {"Type":"CommandComplete","CommandTag":"ALTER TABLE"}
2026/03/01 18:19:30 PG Recv: {"Type":"ParseComplete"}
2026/03/01 18:19:30 PG Recv: {"Type":"BindComplete"}
2026/03/01 18:19:30 PG Recv: {"Type":"NoData"}
2026/03/01 18:19:30 PG Recv: {"Type":"CommandComplete","CommandTag":"CREATE POLICY"}
2026/03/01 18:19:30 PG Recv: {"Type":"ParseComplete"}
2026/03/01 18:19:30 PG Recv: {"Type":"BindComplete"}
2026/03/01 18:19:30 PG Recv: {"Type":"NoData"}
2026/03/01 18:19:30 PG Recv: {"Type":"CommandComplete","CommandTag":"CREATE POLICY"}
2026/03/01 18:19:30 PG Recv: {"Type":"ParseComplete"}
2026/03/01 18:19:30 PG Recv: {"Type":"BindComplete"}
2026/03/01 18:19:30 PG Recv: {"Type":"NoData"}
2026/03/01 18:19:30 PG Recv: {"Type":"CommandComplete","CommandTag":"CREATE POLICY"}
2026/03/01 18:19:30 PG Recv: {"Type":"ParseComplete"}
2026/03/01 18:19:30 PG Recv: {"Type":"BindComplete"}
2026/03/01 18:19:30 PG Recv: {"Type":"NoData"}
2026/03/01 18:19:30 PG Recv: {"Type":"CommandComplete","CommandTag":"CREATE POLICY"}
2026/03/01 18:19:30 PG Recv: {"Type":"ParseComplete"}
2026/03/01 18:19:30 PG Recv: {"Type":"BindComplete"}
2026/03/01 18:19:30 PG Recv: {"Type":"NoData"}
2026/03/01 18:19:30 PG Recv: {"Type":"CommandComplete","CommandTag":"CREATE INDEX"}
2026/03/01 18:19:30 PG Recv: {"Type":"ParseComplete"}
2026/03/01 18:19:30 PG Recv: {"Type":"BindComplete"}
2026/03/01 18:19:30 PG Recv: {"Type":"NoData"}
2026/03/01 18:19:30 PG Recv: {"Type":"CommandComplete","CommandTag":"CREATE INDEX"}
2026/03/01 18:19:30 PG Recv: {"Type":"ParseComplete"}
2026/03/01 18:19:30 PG Recv: {"Type":"BindComplete"}
2026/03/01 18:19:30 PG Recv: {"Type":"NoData"}
2026/03/01 18:19:30 PG Recv: {"Type":"CommandComplete","CommandTag":"COMMENT"}
2026/03/01 18:19:30 PG Recv: {"Type":"ParseComplete"}
2026/03/01 18:19:30 PG Recv: {"Type":"BindComplete"}
2026/03/01 18:19:30 PG Recv: {"Type":"NoData"}
2026/03/01 18:19:30 PG Recv: {"Type":"CommandComplete","CommandTag":"INSERT 0 1"}
2026/03/01 18:19:30 PG Recv: {"Type":"ReadyForQuery","TxStatus":"I"}
Applying migration 20260201000006_create_stock_movements.sql...
2026/03/01 18:19:30 PG Send: {"Type":"Query","String":"RESET ALL"}
2026/03/01 18:19:30 PG Recv: {"Type":"CommandComplete","CommandTag":"RESET"}
2026/03/01 18:19:30 PG Recv: {"Type":"ReadyForQuery","TxStatus":"I"}
2026/03/01 18:19:30 PG Send: {"Type":"Parse","Name":"","Query":"-- Migration: Create 
stock_movements table\r\n-- Description: Track all stock movements (in, out, 
adjustments)\r\n-- Date: 2026-02-01\r\n\r\n-- Enable UUID extension if not already 
enabled\r\nCREATE EXTENSION IF NOT EXISTS \"uuid-ossp\"","ParameterOIDs":null}
2026/03/01 18:19:30 PG Send: {"Type":"Bind","DestinationPortal":"","PreparedStatement":"
","ParameterFormatCodes":null,"Parameters":[],"ResultFormatCodes":[]}
2026/03/01 18:19:30 PG Send: {"Type":"Describe","ObjectType":"P","Name":""}
2026/03/01 18:19:30 PG Send: {"Type":"Execute","Portal":"","MaxRows":0}
2026/03/01 18:19:30 PG Send: {"Type":"Parse","Name":"","Query":"-- Create 
stock_movements table\r\nCREATE TABLE IF NOT EXISTS stock_movements (\r\n    id UUID 
PRIMARY KEY DEFAULT uuid_generate_v4(),\r\n    company_id UUID NOT NULL REFERENCES 
companies(id) ON DELETE CASCADE,\r\n    product_id UUID NOT NULL REFERENCES 
products(id) ON DELETE CASCADE,\r\n    \r\n    -- Movement Details\r\n    type 
VARCHAR(20) NOT NULL CHECK (type IN ('in', 'out', 'adjustment')),\r\n    quantity 
INTEGER NOT NULL CHECK (quantity \u003e 0),\r\n    previous_quantity INTEGER NOT NULL 
CHECK (previous_quantity \u003e= 0),\r\n    new_quantity INTEGER NOT NULL CHECK 
(new_quantity \u003e= 0),\r\n    \r\n    -- Metadata\r\n    reason VARCHAR(20) NOT NULL 
CHECK (reason IN ('purchase', 'sale', 'loss', 'donation', 'return', 'inventory', 
'transfer')),\r\n    notes TEXT,\r\n    reference_id UUID, -- ID da venda/compra 
relacionada (nullable)\r\n    \r\n    -- Audit Trail\r\n    created_by UUID REFERENCES 
users(id) ON DELETE SET NULL,\r\n    created_at TIMESTAMP WITH TIME ZONE DEFAULT 
NOW(),\r\n    \r\n    -- Constraints\r\n    CONSTRAINT valid_movement CHECK (\r\n       
 (type = 'in' AND new_quantity = previous_quantity + quantity) OR\r\n        (type = 
'out' AND new_quantity = previous_quantity - quantity) OR\r\n        (type = 
'adjustment')\r\n    )\r\n)","ParameterOIDs":null}
2026/03/01 18:19:30 PG Send: {"Type":"Bind","DestinationPortal":"","PreparedStatement":"
","ParameterFormatCodes":null,"Parameters":[],"ResultFormatCodes":[]}
2026/03/01 18:19:30 PG Send: {"Type":"Describe","ObjectType":"P","Name":""}
2026/03/01 18:19:30 PG Send: {"Type":"Execute","Portal":"","MaxRows":0}
2026/03/01 18:19:30 PG Send: {"Type":"Parse","Name":"","Query":"-- Create indexes for 
performance\r\nCREATE INDEX idx_stock_movements_product ON 
stock_movements(product_id)","ParameterOIDs":null}
2026/03/01 18:19:30 PG Send: {"Type":"Bind","DestinationPortal":"","PreparedStatement":"
","ParameterFormatCodes":null,"Parameters":[],"ResultFormatCodes":[]}
2026/03/01 18:19:30 PG Send: {"Type":"Describe","ObjectType":"P","Name":""}
2026/03/01 18:19:30 PG Send: {"Type":"Execute","Portal":"","MaxRows":0}
2026/03/01 18:19:30 PG Send: {"Type":"Parse","Name":"","Query":"CREATE INDEX 
idx_stock_movements_company ON stock_movements(company_id)","ParameterOIDs":null}
2026/03/01 18:19:30 PG Send: {"Type":"Bind","DestinationPortal":"","PreparedStatement":"
","ParameterFormatCodes":null,"Parameters":[],"ResultFormatCodes":[]}
2026/03/01 18:19:30 PG Send: {"Type":"Describe","ObjectType":"P","Name":""}
2026/03/01 18:19:30 PG Send: {"Type":"Execute","Portal":"","MaxRows":0}
2026/03/01 18:19:30 PG Send: {"Type":"Parse","Name":"","Query":"CREATE INDEX 
idx_stock_movements_created ON stock_movements(created_at DESC)","ParameterOIDs":null}
2026/03/01 18:19:30 PG Send: {"Type":"Bind","DestinationPortal":"","PreparedStatement":"
","ParameterFormatCodes":null,"Parameters":[],"ResultFormatCodes":[]}
2026/03/01 18:19:30 PG Send: {"Type":"Describe","ObjectType":"P","Name":""}
2026/03/01 18:19:30 PG Send: {"Type":"Execute","Portal":"","MaxRows":0}
2026/03/01 18:19:30 PG Send: {"Type":"Parse","Name":"","Query":"CREATE INDEX 
idx_stock_movements_type ON stock_movements(type)","ParameterOIDs":null}
2026/03/01 18:19:30 PG Send: {"Type":"Bind","DestinationPortal":"","PreparedStatement":"
","ParameterFormatCodes":null,"Parameters":[],"ResultFormatCodes":[]}
2026/03/01 18:19:30 PG Send: {"Type":"Describe","ObjectType":"P","Name":""}
2026/03/01 18:19:30 PG Send: {"Type":"Execute","Portal":"","MaxRows":0}
2026/03/01 18:19:30 PG Send: {"Type":"Parse","Name":"","Query":"-- Add RLS (Row Level 
Security) policies\r\nALTER TABLE stock_movements ENABLE ROW LEVEL 
SECURITY","ParameterOIDs":null}
2026/03/01 18:19:30 PG Send: {"Type":"Bind","DestinationPortal":"","PreparedStatement":"
","ParameterFormatCodes":null,"Parameters":[],"ResultFormatCodes":[]}
2026/03/01 18:19:30 PG Send: {"Type":"Describe","ObjectType":"P","Name":""}
2026/03/01 18:19:30 PG Send: {"Type":"Execute","Portal":"","MaxRows":0}
2026/03/01 18:19:30 PG Send: {"Type":"Parse","Name":"","Query":"-- Policy: Users can 
only see movements from their company\r\nCREATE POLICY stock_movements_select_policy ON 
stock_movements\r\n    FOR SELECT\r\n    USING (\r\n        company_id IN (\r\n         
   SELECT company_id FROM users WHERE id = auth.uid()\r\n        )\r\n    
)","ParameterOIDs":null}
2026/03/01 18:19:30 PG Send: {"Type":"Bind","DestinationPortal":"","PreparedStatement":"
","ParameterFormatCodes":null,"Parameters":[],"ResultFormatCodes":[]}
2026/03/01 18:19:30 PG Send: {"Type":"Describe","ObjectType":"P","Name":""}
2026/03/01 18:19:30 PG Send: {"Type":"Execute","Portal":"","MaxRows":0}
2026/03/01 18:19:30 PG Send: {"Type":"Parse","Name":"","Query":"-- Policy: Users can 
insert movements for their company\r\nCREATE POLICY stock_movements_insert_policy ON 
stock_movements\r\n    FOR INSERT\r\n    WITH CHECK (\r\n        company_id IN (\r\n    
        SELECT company_id FROM users WHERE id = auth.uid()\r\n        )\r\n    
)","ParameterOIDs":null}
2026/03/01 18:19:30 PG Send: {"Type":"Bind","DestinationPortal":"","PreparedStatement":"
","ParameterFormatCodes":null,"Parameters":[],"ResultFormatCodes":[]}
2026/03/01 18:19:30 PG Send: {"Type":"Describe","ObjectType":"P","Name":""}
2026/03/01 18:19:30 PG Send: {"Type":"Execute","Portal":"","MaxRows":0}
2026/03/01 18:19:30 PG Send: {"Type":"Parse","Name":"","Query":"-- Policy: Users cannot 
update or delete movements (audit trail)\r\n-- Movements are immutable for audit 
purposes\r\n\r\n-- Add comment\r\nCOMMENT ON TABLE stock_movements IS 'Tracks all stock 
movements for audit and inventory control'","ParameterOIDs":null}
2026/03/01 18:19:30 PG Send: {"Type":"Bind","DestinationPortal":"","PreparedStatement":"
","ParameterFormatCodes":null,"Parameters":[],"ResultFormatCodes":[]}
2026/03/01 18:19:30 PG Send: {"Type":"Describe","ObjectType":"P","Name":""}
2026/03/01 18:19:30 PG Send: {"Type":"Execute","Portal":"","MaxRows":0}
2026/03/01 18:19:30 PG Send: {"Type":"Parse","Name":"","Query":"COMMENT ON COLUMN 
stock_movements.type IS 'Type of movement: in (entrada), out (sa├¡da), adjustment 
(ajuste)'","ParameterOIDs":null}
2026/03/01 18:19:30 PG Send: {"Type":"Bind","DestinationPortal":"","PreparedStatement":"
","ParameterFormatCodes":null,"Parameters":[],"ResultFormatCodes":[]}
2026/03/01 18:19:30 PG Send: {"Type":"Describe","ObjectType":"P","Name":""}
2026/03/01 18:19:30 PG Send: {"Type":"Execute","Portal":"","MaxRows":0}
2026/03/01 18:19:30 PG Send: {"Type":"Parse","Name":"","Query":"COMMENT ON COLUMN 
stock_movements.reason IS 'Reason for movement: purchase, sale, loss, donation, return, 
inventory, transfer'","ParameterOIDs":null}
2026/03/01 18:19:30 PG Send: {"Type":"Bind","DestinationPortal":"","PreparedStatement":"
","ParameterFormatCodes":null,"Parameters":[],"ResultFormatCodes":[]}
2026/03/01 18:19:30 PG Send: {"Type":"Describe","ObjectType":"P","Name":""}
2026/03/01 18:19:30 PG Send: {"Type":"Execute","Portal":"","MaxRows":0}
2026/03/01 18:19:30 PG Send: {"Type":"Parse","Name":"","Query":"COMMENT ON COLUMN 
stock_movements.reference_id IS 'Optional reference to related transaction (sale, 
purchase order, etc)'","ParameterOIDs":null}
2026/03/01 18:19:30 PG Send: {"Type":"Bind","DestinationPortal":"","PreparedStatement":"
","ParameterFormatCodes":null,"Parameters":[],"ResultFormatCodes":[]}
2026/03/01 18:19:30 PG Send: {"Type":"Describe","ObjectType":"P","Name":""}
2026/03/01 18:19:30 PG Send: {"Type":"Execute","Portal":"","MaxRows":0}
2026/03/01 18:19:30 PG Send: {"Type":"Parse","Name":"","Query":"INSERT INTO 
supabase_migrations.schema_migrations(version, name, statements) VALUES($1, $2, 
$3)","ParameterOIDs":[25,25,1009]}
2026/03/01 18:19:30 PG Send: {"Type":"Bind","DestinationPortal":"","PreparedStatement":"
","ParameterFormatCodes":[0,0,1],"Parameters":[{"text":"20260201000006"},{"text":"create
_stock_movements"},{"binary":"0000000100000000000000190000000d00000001000000e02d2d204d69
67726174696f6e3a204372656174652073746f636b5f6d6f76656d656e7473207461626c650d0a2d2d204465
736372697074696f6e3a20547261636b20616c6c2073746f636b206d6f76656d656e74732028696e2c206f75
742c2061646a7573746d656e7473290d0a2d2d20446174653a20323032362d30322d30310d0a0d0a2d2d2045
6e61626c65205555494420657874656e73696f6e206966206e6f7420616c726561647920656e61626c65640d
0a43524541544520455854454e53494f4e204946204e4f54204558495354532022757569642d6f7373702200
0004b72d2d204372656174652073746f636b5f6d6f76656d656e7473207461626c650d0a4352454154452054
41424c45204946204e4f54204558495354532073746f636b5f6d6f76656d656e747320280d0a202020206964
2055554944205052494d415259204b45592044454641554c5420757569645f67656e65726174655f76342829
2c0d0a20202020636f6d70616e795f69642055554944204e4f54204e554c4c205245464552454e4345532063
6f6d70616e69657328696429204f4e2044454c45544520434153434144452c0d0a2020202070726f64756374
5f69642055554944204e4f54204e554c4c205245464552454e4345532070726f647563747328696429204f4e
2044454c45544520434153434144452c0d0a202020200d0a202020202d2d204d6f76656d656e742044657461
696c730d0a2020202074797065205641524348415228323029204e4f54204e554c4c20434845434b20287479
706520494e202827696e272c20276f7574272c202761646a7573746d656e742729292c0d0a20202020717561
6e7469747920494e5445474552204e4f54204e554c4c20434845434b20287175616e74697479203e2030292c
0d0a2020202070726576696f75735f7175616e7469747920494e5445474552204e4f54204e554c4c20434845
434b202870726576696f75735f7175616e74697479203e3d2030292c0d0a202020206e65775f7175616e7469
747920494e5445474552204e4f54204e554c4c20434845434b20286e65775f7175616e74697479203e3d2030
292c0d0a202020200d0a202020202d2d204d657461646174610d0a20202020726561736f6e20564152434841
5228323029204e4f54204e554c4c20434845434b2028726561736f6e20494e2028277075726368617365272c
202773616c65272c20276c6f7373272c2027646f6e6174696f6e272c202772657475726e272c2027696e7665
6e746f7279272c20277472616e736665722729292c0d0a202020206e6f74657320544558542c0d0a20202020
7265666572656e63655f696420555549442c202d2d2049442064612076656e64612f636f6d7072612072656c
6163696f6e61646120286e756c6c61626c65290d0a202020200d0a202020202d2d2041756469742054726169
6c0d0a20202020637265617465645f62792055554944205245464552454e4345532075736572732869642920
4f4e2044454c45544520534554204e554c4c2c0d0a20202020637265617465645f61742054494d455354414d
5020574954482054494d45205a4f4e452044454641554c54204e4f5728292c0d0a202020200d0a202020202d
2d20436f6e73747261696e74730d0a20202020434f4e53545241494e542076616c69645f6d6f76656d656e74
20434845434b20280d0a20202020202020202874797065203d2027696e2720414e44206e65775f7175616e74
697479203d2070726576696f75735f7175616e74697479202b207175616e7469747929204f520d0a20202020
202020202874797065203d20276f75742720414e44206e65775f7175616e74697479203d2070726576696f75
735f7175616e74697479202d207175616e7469747929204f520d0a20202020202020202874797065203d2027
61646a7573746d656e7427290d0a20202020290d0a290000006a2d2d2043726561746520696e646578657320
666f7220706572666f726d616e63650d0a43524541544520494e444558206964785f73746f636b5f6d6f7665
6d656e74735f70726f64756374204f4e2073746f636b5f6d6f76656d656e74732870726f647563745f696429
0000004743524541544520494e444558206964785f73746f636b5f6d6f76656d656e74735f636f6d70616e79
204f4e2073746f636b5f6d6f76656d656e747328636f6d70616e795f6964290000004c43524541544520494e
444558206964785f73746f636b5f6d6f76656d656e74735f63726561746564204f4e2073746f636b5f6d6f76
656d656e747328637265617465645f61742044455343290000003e43524541544520494e444558206964785f
73746f636b5f6d6f76656d656e74735f74797065204f4e2073746f636b5f6d6f76656d656e74732874797065
290000005f2d2d2041646420524c532028526f77204c6576656c2053656375726974792920706f6c69636965
730d0a414c544552205441424c452073746f636b5f6d6f76656d656e747320454e41424c4520524f57204c45
56454c205345435552495459000001022d2d20506f6c6963793a2055736572732063616e206f6e6c79207365
65206d6f76656d656e74732066726f6d20746865697220636f6d70616e790d0a43524541544520504f4c4943
592073746f636b5f6d6f76656d656e74735f73656c6563745f706f6c696379204f4e2073746f636b5f6d6f76
656d656e74730d0a20202020464f522053454c4543540d0a202020205553494e4720280d0a20202020202020
20636f6d70616e795f696420494e20280d0a20202020202020202020202053454c45435420636f6d70616e79
5f69642046524f4d207573657273205748455245206964203d20617574682e75696428290d0a202020202020
2020290d0a2020202029000001042d2d20506f6c6963793a2055736572732063616e20696e73657274206d6f
76656d656e747320666f7220746865697220636f6d70616e790d0a43524541544520504f4c4943592073746f
636b5f6d6f76656d656e74735f696e736572745f706f6c696379204f4e2073746f636b5f6d6f76656d656e74
730d0a20202020464f5220494e534552540d0a202020205749544820434845434b20280d0a20202020202020
20636f6d70616e795f696420494e20280d0a20202020202020202020202053454c45435420636f6d70616e79
5f69642046524f4d207573657273205748455245206964203d20617574682e75696428290d0a202020202020
2020290d0a2020202029000000e32d2d20506f6c6963793a2055736572732063616e6e6f7420757064617465
206f722064656c657465206d6f76656d656e74732028617564697420747261696c290d0a2d2d204d6f76656d
656e74732061726520696d6d757461626c6520666f7220617564697420707572706f7365730d0a0d0a2d2d20
41646420636f6d6d656e740d0a434f4d4d454e54204f4e205441424c452073746f636b5f6d6f76656d656e74
732049532027547261636b7320616c6c2073746f636b206d6f76656d656e747320666f722061756469742061
6e6420696e76656e746f727920636f6e74726f6c270000006d434f4d4d454e54204f4e20434f4c554d4e2073
746f636b5f6d6f76656d656e74732e74797065204953202754797065206f66206d6f76656d656e743a20696e
2028656e7472616461292c206f757420287361c3ad6461292c2061646a7573746d656e742028616a75737465
29270000007e434f4d4d454e54204f4e20434f4c554d4e2073746f636b5f6d6f76656d656e74732e72656173
6f6e2049532027526561736f6e20666f72206d6f76656d656e743a2070757263686173652c2073616c652c20
6c6f73732c20646f6e6174696f6e2c2072657475726e2c20696e76656e746f72792c207472616e7366657227
00000079434f4d4d454e54204f4e20434f4c554d4e2073746f636b5f6d6f76656d656e74732e726566657265
6e63655f696420495320274f7074696f6e616c207265666572656e636520746f2072656c6174656420747261
6e73616374696f6e202873616c652c207075726368617365206f726465722c206574632927"}],"ResultFor
matCodes":[]}
2026/03/01 18:19:30 PG Send: {"Type":"Describe","ObjectType":"P","Name":""}
2026/03/01 18:19:30 PG Send: {"Type":"Execute","Portal":"","MaxRows":0}
2026/03/01 18:19:30 PG Send: {"Type":"Sync"}
2026/03/01 18:19:30 PG Recv: {"Type":"ParseComplete"}
2026/03/01 18:19:30 PG Recv: {"Type":"BindComplete"}
2026/03/01 18:19:30 PG Recv: {"Type":"NoData"}
2026/03/01 18:19:30 PG Recv: 
{"Severity":"NOTICE","SeverityUnlocalized":"NOTICE","Code":"42710","Message":"extension 
\"uuid-ossp\" already exists, skipping","Detail":"","Hint":"","Position":0,"InternalPosi
tion":0,"InternalQuery":"","Where":"","SchemaName":"","TableName":"","ColumnName":"","Da
taTypeName":"","ConstraintName":"","File":"extension.c","Line":1791,"Routine":"CreateExt
ension","UnknownFields":null}
NOTICE (42710): extension "uuid-ossp" already exists, skipping
2026/03/01 18:19:30 PG Recv: {"Type":"CommandComplete","CommandTag":"CREATE EXTENSION"}
2026/03/01 18:19:30 PG Recv: {"Type":"ParseComplete"}
2026/03/01 18:19:30 PG Recv: {"Type":"BindComplete"}
2026/03/01 18:19:30 PG Recv: {"Type":"NoData"}
2026/03/01 18:19:30 PG Recv: {"Type":"ErrorResponse","Severity":"ERROR","SeverityUnlocal
ized":"ERROR","Code":"42P01","Message":"relation \"users\" does not exist","Detail":"","
Hint":"","Position":0,"InternalPosition":0,"InternalQuery":"","Where":"","SchemaName":""
,"TableName":"","ColumnName":"","DataTypeName":"","ConstraintName":"","File":"namespace.
c","Line":636,"Routine":"RangeVarGetRelidExtended","UnknownFields":null}
2026/03/01 18:19:30 PG Recv: {"Type":"ReadyForQuery","TxStatus":"I"}
Stopping containers...
2026/03/01 18:19:30 PG Send: {"Type":"Terminate"}
Pruned containers: [d8aca42ca1dc5d57721e26dd1263fdbad81f45ec220b35e599197a518ac9ebb8]
Pruned volumes: [supabase_db_mercado-do-vale]
Pruned network: [supabase_network_mercado-do-vale]
ERROR: relation "users" does not exist (SQLSTATE 42P01)                                 
                                      
At statement: 1                                                                         
                                      
-- Create stock_movements table                                                         
                                      
CREATE TABLE IF NOT EXISTS stock_movements (                                            
                                      
    id UUID PRIMARY KEY DEFAULT uuid_generate_v4(),                                     
                                      
    company_id UUID NOT NULL REFERENCES companies(id) ON DELETE CASCADE,                
                                      
    product_id UUID NOT NULL REFERENCES products(id) ON DELETE CASCADE,                 
                                      
                                                                                        
                                      
    -- Movement Details                                                                 
                                      
    type VARCHAR(20) NOT NULL CHECK (type IN ('in', 'out', 'adjustment')),              
                                      
    quantity INTEGER NOT NULL CHECK (quantity > 0),                                     
                                      
    previous_quantity INTEGER NOT NULL CHECK (previous_quantity >= 0),                  
                                      
    new_quantity INTEGER NOT NULL CHECK (new_quantity >= 0),                            
                                      
                                                                                        
                                      
    -- Metadata                                                                         
                                      
    reason VARCHAR(20) NOT NULL CHECK (reason IN ('purchase', 'sale', 'loss', 
'donation', 'return', 'inventory', 'transfer')),
    notes TEXT,                                                                         
                                      
    reference_id UUID, -- ID da venda/compra relacionada (nullable)                     
                                      
                                                                                        
                                      
    -- Audit Trail                                                                      
                                      
    created_by UUID REFERENCES users(id) ON DELETE SET NULL,                            
                                      
    created_at TIMESTAMP WITH TIME ZONE DEFAULT NOW(),                                  
                                      
                                                                                        
                                      
    -- Constraints                                                                      
                                      
    CONSTRAINT valid_movement CHECK (                                                   
                                      
        (type = 'in' AND new_quantity = previous_quantity + quantity) OR                
                                      
        (type = 'out' AND new_quantity = previous_quantity - quantity) OR               
                                      
        (type = 'adjustment')                                                           
                                      
    )                                                                                   
                                      
)                                                                                       
                                      
